filename,predicted_class
task1_test_000001.wav,D_LargeShip
task1_test_000002.wav,D_LargeShip
task1_test_000003.wav,D_LargeShip
task1_test_000004.wav,D_LargeShip
task1_test_000005.wav,D_LargeShip
task1_test_000006.wav,A_SmallWorking
task1_test_000007.wav,B_MotorBoat
task1_test_000008.wav,D_LargeShip
task1_test_000009.wav,A_SmallWorking
task1_test_000010.wav,A_SmallWorking
task1_test_000011.wav,D_LargeShip
task1_test_000012.wav,B_MotorBoat
task1_test_000013.wav,A_SmallWorking
task1_test_000014.wav,C_Passenger
task1_test_000015.wav,D_LargeShip
task1_test_000016.wav,D_LargeShip
task1_test_000017.wav,A_SmallWorking
task1_test_000018.wav,A_SmallWorking
task1_test_000019.wav,D_LargeShip
task1_test_000020.wav,B_MotorBoat
task1_test_000021.wav,D_LargeShip
task1_test_000022.wav,A_SmallWorking
task1_test_000023.wav,B_MotorBoat
task1_test_000024.wav,B_MotorBoat
task1_test_000025.wav,A_SmallWorking
task1_test_000026.wav,D_LargeShip
task1_test_000027.wav,A_SmallWorking
task1_test_000028.wav,D_LargeShip
task1_test_000029.wav,B_MotorBoat
task1_test_000030.wav,B_MotorBoat
task1_test_000031.wav,D_LargeShip
task1_test_000032.wav,A_SmallWorking
task1_test_000033.wav,A_SmallWorking
task1_test_000034.wav,D_LargeShip
task1_test_000035.wav,D_LargeShip
task1_test_000036.wav,C_Passenger
task1_test_000037.wav,B_MotorBoat
task1_test_000038.wav,D_LargeShip
task1_test_000039.wav,C_Passenger
task1_test_000040.wav,A_SmallWorking
task1_test_000041.wav,A_SmallWorking
task1_test_000042.wav,D_LargeShip
task1_test_000043.wav,D_LargeShip
task1_test_000044.wav,A_SmallWorking
task1_test_000045.wav,B_MotorBoat
task1_test_000046.wav,D_LargeShip
task1_test_000047.wav,A_SmallWorking
task1_test_000048.wav,D_LargeShip
task1_test_000049.wav,B_MotorBoat
task1_test_000050.wav,C_Passenger
task1_test_000051.wav,A_SmallWorking
task1_test_000052.wav,A_SmallWorking
task1_test_000053.wav,C_Passenger
task1_test_000054.wav,A_SmallWorking
task1_test_000055.wav,B_MotorBoat
task1_test_000056.wav,B_MotorBoat
task1_test_000057.wav,A_SmallWorking
task1_test_000058.wav,A_SmallWorking
task1_test_000059.wav,D_LargeShip
task1_test_000060.wav,A_SmallWorking
task1_test_000061.wav,D_LargeShip
task1_test_000062.wav,A_SmallWorking
task1_test_000063.wav,A_SmallWorking
task1_test_000064.wav,D_LargeShip
task1_test_000065.wav,A_SmallWorking
task1_test_000066.wav,A_SmallWorking
task1_test_000067.wav,D_LargeShip
task1_test_000068.wav,D_LargeShip
task1_test_000069.wav,D_LargeShip
task1_test_000070.wav,D_LargeShip
task1_test_000071.wav,D_LargeShip
task1_test_000072.wav,C_Passenger
task1_test_000073.wav,C_Passenger
task1_test_000074.wav,A_SmallWorking
task1_test_000075.wav,B_MotorBoat
task1_test_000076.wav,D_LargeShip
task1_test_000077.wav,D_LargeShip
task1_test_000078.wav,A_SmallWorking
task1_test_000079.wav,D_LargeShip
task1_test_000080.wav,C_Passenger
task1_test_000081.wav,C_Passenger
task1_test_000082.wav,A_SmallWorking
task1_test_000083.wav,D_LargeShip
task1_test_000084.wav,A_SmallWorking
task1_test_000085.wav,D_LargeShip
task1_test_000086.wav,D_LargeShip
task1_test_000087.wav,B_MotorBoat
task1_test_000088.wav,D_LargeShip
task1_test_000089.wav,A_SmallWorking
task1_test_000090.wav,D_LargeShip
task1_test_000091.wav,A_SmallWorking
task1_test_000092.wav,A_SmallWorking
task1_test_000093.wav,A_SmallWorking
task1_test_000094.wav,D_LargeShip
task1_test_000095.wav,A_SmallWorking
task1_test_000096.wav,A_SmallWorking
task1_test_000097.wav,A_SmallWorking
task1_test_000098.wav,B_MotorBoat
task1_test_000099.wav,B_MotorBoat
task1_test_000100.wav,D_LargeShip
task1_test_000101.wav,A_SmallWorking
task1_test_000102.wav,C_Passenger
task1_test_000103.wav,C_Passenger
task1_test_000104.wav,C_Passenger
task1_test_000105.wav,A_SmallWorking
task1_test_000106.wav,D_LargeShip
task1_test_000107.wav,A_SmallWorking
task1_test_000108.wav,D_LargeShip
task1_test_000109.wav,B_MotorBoat
task1_test_000110.wav,D_LargeShip
task1_test_000111.wav,C_Passenger
task1_test_000112.wav,D_LargeShip
task1_test_000113.wav,A_SmallWorking
task1_test_000114.wav,D_LargeShip
task1_test_000115.wav,B_MotorBoat
task1_test_000116.wav,B_MotorBoat
task1_test_000117.wav,A_SmallWorking
task1_test_000118.wav,B_MotorBoat
task1_test_000119.wav,A_SmallWorking
task1_test_000120.wav,A_SmallWorking
task1_test_000121.wav,D_LargeShip
task1_test_000122.wav,D_LargeShip
task1_test_000123.wav,B_MotorBoat
task1_test_000124.wav,A_SmallWorking
task1_test_000125.wav,A_SmallWorking
task1_test_000126.wav,B_MotorBoat
task1_test_000127.wav,A_SmallWorking
task1_test_000128.wav,C_Passenger
task1_test_000129.wav,B_MotorBoat
task1_test_000130.wav,A_SmallWorking
task1_test_000131.wav,A_SmallWorking
task1_test_000132.wav,A_SmallWorking
task1_test_000133.wav,A_SmallWorking
task1_test_000134.wav,A_SmallWorking
task1_test_000135.wav,A_SmallWorking
task1_test_000136.wav,A_SmallWorking
task1_test_000137.wav,B_MotorBoat
task1_test_000138.wav,D_LargeShip
task1_test_000139.wav,D_LargeShip
task1_test_000140.wav,C_Passenger
task1_test_000141.wav,A_SmallWorking
task1_test_000142.wav,B_MotorBoat
task1_test_000143.wav,C_Passenger
task1_test_000144.wav,D_LargeShip
task1_test_000145.wav,A_SmallWorking
task1_test_000146.wav,A_SmallWorking
task1_test_000147.wav,B_MotorBoat
task1_test_000148.wav,B_MotorBoat
task1_test_000149.wav,A_SmallWorking
task1_test_000150.wav,A_SmallWorking
task1_test_000151.wav,A_SmallWorking
task1_test_000152.wav,B_MotorBoat
task1_test_000153.wav,A_SmallWorking
task1_test_000154.wav,A_SmallWorking
task1_test_000155.wav,A_SmallWorking
task1_test_000156.wav,A_SmallWorking
task1_test_000157.wav,D_LargeShip
task1_test_000158.wav,D_LargeShip
task1_test_000159.wav,D_LargeShip
task1_test_000160.wav,C_Passenger
task1_test_000161.wav,D_LargeShip
task1_test_000162.wav,B_MotorBoat
task1_test_000163.wav,D_LargeShip
task1_test_000164.wav,D_LargeShip
task1_test_000165.wav,A_SmallWorking
task1_test_000166.wav,A_SmallWorking
task1_test_000167.wav,D_LargeShip
task1_test_000168.wav,D_LargeShip
task1_test_000169.wav,A_SmallWorking
task1_test_000170.wav,A_SmallWorking
task1_test_000171.wav,A_SmallWorking
task1_test_000172.wav,A_SmallWorking
task1_test_000173.wav,A_SmallWorking
task1_test_000174.wav,B_MotorBoat
task1_test_000175.wav,A_SmallWorking
task1_test_000176.wav,A_SmallWorking
task1_test_000177.wav,B_MotorBoat
task1_test_000178.wav,D_LargeShip
task1_test_000179.wav,D_LargeShip
task1_test_000180.wav,A_SmallWorking
task1_test_000181.wav,D_LargeShip
task1_test_000182.wav,B_MotorBoat
task1_test_000183.wav,D_LargeShip
task1_test_000184.wav,A_SmallWorking
task1_test_000185.wav,D_LargeShip
task1_test_000186.wav,D_LargeShip
task1_test_000187.wav,A_SmallWorking
task1_test_000188.wav,A_SmallWorking
task1_test_000189.wav,B_MotorBoat
task1_test_000190.wav,A_SmallWorking
task1_test_000191.wav,D_LargeShip
task1_test_000192.wav,C_Passenger
task1_test_000193.wav,A_SmallWorking
task1_test_000194.wav,A_SmallWorking
task1_test_000195.wav,A_SmallWorking
task1_test_000196.wav,D_LargeShip
task1_test_000197.wav,D_LargeShip
task1_test_000198.wav,A_SmallWorking
task1_test_000199.wav,A_SmallWorking
task1_test_000200.wav,B_MotorBoat
task1_test_000201.wav,D_LargeShip
task1_test_000202.wav,C_Passenger
task1_test_000203.wav,A_SmallWorking
task1_test_000204.wav,A_SmallWorking
task1_test_000205.wav,C_Passenger
task1_test_000206.wav,A_SmallWorking
task1_test_000207.wav,D_LargeShip
task1_test_000208.wav,D_LargeShip
task1_test_000209.wav,D_LargeShip
task1_test_000210.wav,B_MotorBoat
task1_test_000211.wav,D_LargeShip
task1_test_000212.wav,D_LargeShip
task1_test_000213.wav,D_LargeShip
task1_test_000214.wav,D_LargeShip
task1_test_000215.wav,D_LargeShip
task1_test_000216.wav,A_SmallWorking
task1_test_000217.wav,A_SmallWorking
task1_test_000218.wav,A_SmallWorking
task1_test_000219.wav,B_MotorBoat
task1_test_000220.wav,A_SmallWorking
task1_test_000221.wav,D_LargeShip
task1_test_000222.wav,A_SmallWorking
task1_test_000223.wav,A_SmallWorking
task1_test_000224.wav,B_MotorBoat
task1_test_000225.wav,D_LargeShip
task1_test_000226.wav,A_SmallWorking
task1_test_000227.wav,B_MotorBoat
task1_test_000228.wav,D_LargeShip
task1_test_000229.wav,D_LargeShip
task1_test_000230.wav,A_SmallWorking
task1_test_000231.wav,A_SmallWorking
task1_test_000232.wav,A_SmallWorking
task1_test_000233.wav,B_MotorBoat
task1_test_000234.wav,A_SmallWorking
task1_test_000235.wav,A_SmallWorking
task1_test_000236.wav,A_SmallWorking
task1_test_000237.wav,B_MotorBoat
task1_test_000238.wav,B_MotorBoat
task1_test_000239.wav,A_SmallWorking
task1_test_000240.wav,D_LargeShip
task1_test_000241.wav,A_SmallWorking
task1_test_000242.wav,B_MotorBoat
task1_test_000243.wav,A_SmallWorking
task1_test_000244.wav,A_SmallWorking
task1_test_000245.wav,A_SmallWorking
task1_test_000246.wav,A_SmallWorking
task1_test_000247.wav,A_SmallWorking
task1_test_000248.wav,A_SmallWorking
task1_test_000249.wav,A_SmallWorking
task1_test_000250.wav,D_LargeShip
task1_test_000251.wav,A_SmallWorking
task1_test_000252.wav,A_SmallWorking
task1_test_000253.wav,C_Passenger
task1_test_000254.wav,D_LargeShip
task1_test_000255.wav,D_LargeShip
task1_test_000256.wav,A_SmallWorking
task1_test_000257.wav,A_SmallWorking
task1_test_000258.wav,D_LargeShip
task1_test_000259.wav,D_LargeShip
task1_test_000260.wav,A_SmallWorking
task1_test_000261.wav,B_MotorBoat
task1_test_000262.wav,B_MotorBoat
task1_test_000263.wav,D_LargeShip
task1_test_000264.wav,C_Passenger
task1_test_000265.wav,B_MotorBoat
task1_test_000266.wav,A_SmallWorking
task1_test_000267.wav,A_SmallWorking
task1_test_000268.wav,D_LargeShip
task1_test_000269.wav,A_SmallWorking
task1_test_000270.wav,D_LargeShip
task1_test_000271.wav,A_SmallWorking
task1_test_000272.wav,A_SmallWorking
task1_test_000273.wav,D_LargeShip
task1_test_000274.wav,D_LargeShip
task1_test_000275.wav,A_SmallWorking
task1_test_000276.wav,A_SmallWorking
task1_test_000277.wav,D_LargeShip
task1_test_000278.wav,B_MotorBoat
task1_test_000279.wav,D_LargeShip
task1_test_000280.wav,A_SmallWorking
task1_test_000281.wav,A_SmallWorking
task1_test_000282.wav,C_Passenger
task1_test_000283.wav,B_MotorBoat
task1_test_000284.wav,B_MotorBoat
task1_test_000285.wav,D_LargeShip
task1_test_000286.wav,A_SmallWorking
task1_test_000287.wav,A_SmallWorking
task1_test_000288.wav,D_LargeShip
task1_test_000289.wav,A_SmallWorking
task1_test_000290.wav,A_SmallWorking
task1_test_000291.wav,B_MotorBoat
task1_test_000292.wav,A_SmallWorking
task1_test_000293.wav,C_Passenger
task1_test_000294.wav,A_SmallWorking
task1_test_000295.wav,D_LargeShip
task1_test_000296.wav,A_SmallWorking
task1_test_000297.wav,D_LargeShip
task1_test_000298.wav,A_SmallWorking
task1_test_000299.wav,D_LargeShip
task1_test_000300.wav,B_MotorBoat
task1_test_000301.wav,A_SmallWorking
task1_test_000302.wav,A_SmallWorking
task1_test_000303.wav,B_MotorBoat
task1_test_000304.wav,D_LargeShip
task1_test_000305.wav,D_LargeShip
task1_test_000306.wav,A_SmallWorking
task1_test_000307.wav,A_SmallWorking
task1_test_000308.wav,B_MotorBoat
task1_test_000309.wav,A_SmallWorking
task1_test_000310.wav,B_MotorBoat
task1_test_000311.wav,A_SmallWorking
task1_test_000312.wav,B_MotorBoat
task1_test_000313.wav,A_SmallWorking
task1_test_000314.wav,A_SmallWorking
task1_test_000315.wav,A_SmallWorking
task1_test_000316.wav,B_MotorBoat
task1_test_000317.wav,B_MotorBoat
task1_test_000318.wav,A_SmallWorking
task1_test_000319.wav,A_SmallWorking
task1_test_000320.wav,D_LargeShip
task1_test_000321.wav,D_LargeShip
task1_test_000322.wav,A_SmallWorking
task1_test_000323.wav,D_LargeShip
task1_test_000324.wav,D_LargeShip
task1_test_000325.wav,C_Passenger
task1_test_000326.wav,A_SmallWorking
task1_test_000327.wav,D_LargeShip
task1_test_000328.wav,D_LargeShip
task1_test_000329.wav,A_SmallWorking
task1_test_000330.wav,D_LargeShip
task1_test_000331.wav,A_SmallWorking
task1_test_000332.wav,A_SmallWorking
task1_test_000333.wav,A_SmallWorking
task1_test_000334.wav,A_SmallWorking
task1_test_000335.wav,A_SmallWorking
task1_test_000336.wav,A_SmallWorking
task1_test_000337.wav,D_LargeShip
task1_test_000338.wav,A_SmallWorking
task1_test_000339.wav,A_SmallWorking
task1_test_000340.wav,B_MotorBoat
task1_test_000341.wav,A_SmallWorking
task1_test_000342.wav,A_SmallWorking
task1_test_000343.wav,C_Passenger
task1_test_000344.wav,A_SmallWorking
task1_test_000345.wav,A_SmallWorking
task1_test_000346.wav,D_LargeShip
task1_test_000347.wav,B_MotorBoat
task1_test_000348.wav,B_MotorBoat
task1_test_000349.wav,D_LargeShip
task1_test_000350.wav,B_MotorBoat
task1_test_000351.wav,A_SmallWorking
task1_test_000352.wav,C_Passenger
task1_test_000353.wav,A_SmallWorking
task1_test_000354.wav,B_MotorBoat
task1_test_000355.wav,D_LargeShip
task1_test_000356.wav,D_LargeShip
task1_test_000357.wav,D_LargeShip
task1_test_000358.wav,B_MotorBoat
task1_test_000359.wav,D_LargeShip
task1_test_000360.wav,A_SmallWorking
task1_test_000361.wav,A_SmallWorking
task1_test_000362.wav,D_LargeShip
task1_test_000363.wav,B_MotorBoat
task1_test_000364.wav,B_MotorBoat
task1_test_000365.wav,A_SmallWorking
task1_test_000366.wav,A_SmallWorking
task1_test_000367.wav,B_MotorBoat
task1_test_000368.wav,A_SmallWorking
task1_test_000369.wav,D_LargeShip
task1_test_000370.wav,B_MotorBoat
task1_test_000371.wav,D_LargeShip
task1_test_000372.wav,A_SmallWorking
task1_test_000373.wav,A_SmallWorking
task1_test_000374.wav,C_Passenger
task1_test_000375.wav,A_SmallWorking
task1_test_000376.wav,A_SmallWorking
task1_test_000377.wav,D_LargeShip
task1_test_000378.wav,B_MotorBoat
task1_test_000379.wav,A_SmallWorking
task1_test_000380.wav,A_SmallWorking
task1_test_000381.wav,B_MotorBoat
task1_test_000382.wav,A_SmallWorking
task1_test_000383.wav,C_Passenger
task1_test_000384.wav,A_SmallWorking
task1_test_000385.wav,D_LargeShip
task1_test_000386.wav,D_LargeShip
task1_test_000387.wav,A_SmallWorking
task1_test_000388.wav,A_SmallWorking
task1_test_000389.wav,A_SmallWorking
task1_test_000390.wav,A_SmallWorking
task1_test_000391.wav,A_SmallWorking
task1_test_000392.wav,B_MotorBoat
task1_test_000393.wav,D_LargeShip
task1_test_000394.wav,A_SmallWorking
task1_test_000395.wav,D_LargeShip
task1_test_000396.wav,B_MotorBoat
task1_test_000397.wav,C_Passenger
task1_test_000398.wav,D_LargeShip
task1_test_000399.wav,B_MotorBoat
task1_test_000400.wav,A_SmallWorking
task1_test_000401.wav,B_MotorBoat
task1_test_000402.wav,A_SmallWorking
task1_test_000403.wav,B_MotorBoat
task1_test_000404.wav,D_LargeShip
task1_test_000405.wav,D_LargeShip
task1_test_000406.wav,A_SmallWorking
task1_test_000407.wav,A_SmallWorking
task1_test_000408.wav,A_SmallWorking
task1_test_000409.wav,A_SmallWorking
task1_test_000410.wav,A_SmallWorking
task1_test_000411.wav,A_SmallWorking
task1_test_000412.wav,A_SmallWorking
task1_test_000413.wav,A_SmallWorking
task1_test_000414.wav,D_LargeShip
task1_test_000415.wav,A_SmallWorking
task1_test_000416.wav,A_SmallWorking
task1_test_000417.wav,A_SmallWorking
task1_test_000418.wav,D_LargeShip
task1_test_000419.wav,B_MotorBoat
task1_test_000420.wav,A_SmallWorking
task1_test_000421.wav,D_LargeShip
task1_test_000422.wav,A_SmallWorking
task1_test_000423.wav,D_LargeShip
task1_test_000424.wav,A_SmallWorking
task1_test_000425.wav,B_MotorBoat
task1_test_000426.wav,A_SmallWorking
task1_test_000427.wav,D_LargeShip
task1_test_000428.wav,A_SmallWorking
task1_test_000429.wav,D_LargeShip
task1_test_000430.wav,A_SmallWorking
task1_test_000431.wav,D_LargeShip
task1_test_000432.wav,A_SmallWorking
task1_test_000433.wav,A_SmallWorking
task1_test_000434.wav,A_SmallWorking
task1_test_000435.wav,D_LargeShip
task1_test_000436.wav,D_LargeShip
task1_test_000437.wav,A_SmallWorking
task1_test_000438.wav,A_SmallWorking
task1_test_000439.wav,D_LargeShip
task1_test_000440.wav,D_LargeShip
task1_test_000441.wav,A_SmallWorking
task1_test_000442.wav,B_MotorBoat
task1_test_000443.wav,D_LargeShip
task1_test_000444.wav,A_SmallWorking
task1_test_000445.wav,B_MotorBoat
task1_test_000446.wav,D_LargeShip
task1_test_000447.wav,D_LargeShip
task1_test_000448.wav,A_SmallWorking
task1_test_000449.wav,B_MotorBoat
task1_test_000450.wav,A_SmallWorking
task1_test_000451.wav,C_Passenger
task1_test_000452.wav,A_SmallWorking
task1_test_000453.wav,D_LargeShip
task1_test_000454.wav,C_Passenger
task1_test_000455.wav,D_LargeShip
task1_test_000456.wav,D_LargeShip
task1_test_000457.wav,A_SmallWorking
task1_test_000458.wav,C_Passenger
task1_test_000459.wav,A_SmallWorking
task1_test_000460.wav,A_SmallWorking
task1_test_000461.wav,B_MotorBoat
task1_test_000462.wav,D_LargeShip
task1_test_000463.wav,A_SmallWorking
task1_test_000464.wav,A_SmallWorking
task1_test_000465.wav,D_LargeShip
task1_test_000466.wav,B_MotorBoat
task1_test_000467.wav,C_Passenger
task1_test_000468.wav,D_LargeShip
task1_test_000469.wav,B_MotorBoat
task1_test_000470.wav,A_SmallWorking
task1_test_000471.wav,D_LargeShip
task1_test_000472.wav,D_LargeShip
task1_test_000473.wav,D_LargeShip
task1_test_000474.wav,A_SmallWorking
task1_test_000475.wav,D_LargeShip
task1_test_000476.wav,B_MotorBoat
task1_test_000477.wav,D_LargeShip
task1_test_000478.wav,C_Passenger
task1_test_000479.wav,D_LargeShip
task1_test_000480.wav,A_SmallWorking
task1_test_000481.wav,B_MotorBoat
task1_test_000482.wav,A_SmallWorking
task1_test_000483.wav,A_SmallWorking
task1_test_000484.wav,A_SmallWorking
task1_test_000485.wav,B_MotorBoat
task1_test_000486.wav,C_Passenger
task1_test_000487.wav,A_SmallWorking
task1_test_000488.wav,D_LargeShip
task1_test_000489.wav,A_SmallWorking
task1_test_000490.wav,D_LargeShip
task1_test_000491.wav,A_SmallWorking
task1_test_000492.wav,A_SmallWorking
task1_test_000493.wav,A_SmallWorking
task1_test_000494.wav,A_SmallWorking
task1_test_000495.wav,A_SmallWorking
task1_test_000496.wav,B_MotorBoat
task1_test_000497.wav,A_SmallWorking
task1_test_000498.wav,A_SmallWorking
task1_test_000499.wav,D_LargeShip
task1_test_000500.wav,A_SmallWorking
task1_test_000501.wav,B_MotorBoat
task1_test_000502.wav,A_SmallWorking
task1_test_000503.wav,B_MotorBoat
task1_test_000504.wav,A_SmallWorking
task1_test_000505.wav,B_MotorBoat
task1_test_000506.wav,D_LargeShip
task1_test_000507.wav,D_LargeShip
task1_test_000508.wav,D_LargeShip
task1_test_000509.wav,A_SmallWorking
task1_test_000510.wav,D_LargeShip
task1_test_000511.wav,D_LargeShip
task1_test_000512.wav,D_LargeShip
task1_test_000513.wav,D_LargeShip
task1_test_000514.wav,A_SmallWorking
task1_test_000515.wav,D_LargeShip
task1_test_000516.wav,A_SmallWorking
task1_test_000517.wav,A_SmallWorking
task1_test_000518.wav,B_MotorBoat
task1_test_000519.wav,A_SmallWorking
task1_test_000520.wav,B_MotorBoat
task1_test_000521.wav,A_SmallWorking
task1_test_000522.wav,A_SmallWorking
task1_test_000523.wav,A_SmallWorking
task1_test_000524.wav,A_SmallWorking
task1_test_000525.wav,D_LargeShip
task1_test_000526.wav,D_LargeShip
task1_test_000527.wav,A_SmallWorking
task1_test_000528.wav,A_SmallWorking
task1_test_000529.wav,D_LargeShip
task1_test_000530.wav,A_SmallWorking
task1_test_000531.wav,D_LargeShip
task1_test_000532.wav,C_Passenger
task1_test_000533.wav,A_SmallWorking
task1_test_000534.wav,D_LargeShip
task1_test_000535.wav,D_LargeShip
task1_test_000536.wav,A_SmallWorking
task1_test_000537.wav,D_LargeShip
task1_test_000538.wav,A_SmallWorking
task1_test_000539.wav,D_LargeShip
task1_test_000540.wav,B_MotorBoat
task1_test_000541.wav,A_SmallWorking
task1_test_000542.wav,A_SmallWorking
task1_test_000543.wav,D_LargeShip
task1_test_000544.wav,D_LargeShip
task1_test_000545.wav,A_SmallWorking
task1_test_000546.wav,A_SmallWorking
task1_test_000547.wav,B_MotorBoat
task1_test_000548.wav,C_Passenger
task1_test_000549.wav,A_SmallWorking
task1_test_000550.wav,B_MotorBoat
task1_test_000551.wav,D_LargeShip
task1_test_000552.wav,A_SmallWorking
task1_test_000553.wav,A_SmallWorking
task1_test_000554.wav,B_MotorBoat
task1_test_000555.wav,D_LargeShip
task1_test_000556.wav,A_SmallWorking
task1_test_000557.wav,B_MotorBoat
task1_test_000558.wav,D_LargeShip
task1_test_000559.wav,A_SmallWorking
task1_test_000560.wav,D_LargeShip
task1_test_000561.wav,A_SmallWorking
task1_test_000562.wav,A_SmallWorking
task1_test_000563.wav,D_LargeShip
task1_test_000564.wav,A_SmallWorking
task1_test_000565.wav,B_MotorBoat
task1_test_000566.wav,C_Passenger
task1_test_000567.wav,B_MotorBoat
task1_test_000568.wav,A_SmallWorking
task1_test_000569.wav,D_LargeShip
task1_test_000570.wav,D_LargeShip
task1_test_000571.wav,D_LargeShip
task1_test_000572.wav,A_SmallWorking
task1_test_000573.wav,D_LargeShip
task1_test_000574.wav,B_MotorBoat
task1_test_000575.wav,D_LargeShip
task1_test_000576.wav,A_SmallWorking
task1_test_000577.wav,B_MotorBoat
task1_test_000578.wav,A_SmallWorking
task1_test_000579.wav,A_SmallWorking
task1_test_000580.wav,A_SmallWorking
task1_test_000581.wav,B_MotorBoat
task1_test_000582.wav,B_MotorBoat
task1_test_000583.wav,A_SmallWorking
task1_test_000584.wav,A_SmallWorking
task1_test_000585.wav,A_SmallWorking
task1_test_000586.wav,B_MotorBoat
task1_test_000587.wav,D_LargeShip
task1_test_000588.wav,D_LargeShip
task1_test_000589.wav,D_LargeShip
task1_test_000590.wav,D_LargeShip
task1_test_000591.wav,A_SmallWorking
task1_test_000592.wav,A_SmallWorking
task1_test_000593.wav,B_MotorBoat
task1_test_000594.wav,D_LargeShip
task1_test_000595.wav,A_SmallWorking
task1_test_000596.wav,D_LargeShip
task1_test_000597.wav,A_SmallWorking
task1_test_000598.wav,A_SmallWorking
task1_test_000599.wav,A_SmallWorking
task1_test_000600.wav,A_SmallWorking
task1_test_000601.wav,A_SmallWorking
task1_test_000602.wav,B_MotorBoat
task1_test_000603.wav,B_MotorBoat
task1_test_000604.wav,B_MotorBoat
task1_test_000605.wav,D_LargeShip
task1_test_000606.wav,D_LargeShip
task1_test_000607.wav,C_Passenger
task1_test_000608.wav,B_MotorBoat
task1_test_000609.wav,A_SmallWorking
task1_test_000610.wav,D_LargeShip
task1_test_000611.wav,D_LargeShip
task1_test_000612.wav,A_SmallWorking
task1_test_000613.wav,D_LargeShip
task1_test_000614.wav,A_SmallWorking
task1_test_000615.wav,A_SmallWorking
task1_test_000616.wav,D_LargeShip
task1_test_000617.wav,C_Passenger
task1_test_000618.wav,C_Passenger
task1_test_000619.wav,B_MotorBoat
task1_test_000620.wav,B_MotorBoat
task1_test_000621.wav,D_LargeShip
task1_test_000622.wav,A_SmallWorking
task1_test_000623.wav,A_SmallWorking
task1_test_000624.wav,C_Passenger
task1_test_000625.wav,A_SmallWorking
task1_test_000626.wav,B_MotorBoat
task1_test_000627.wav,D_LargeShip
task1_test_000628.wav,A_SmallWorking
task1_test_000629.wav,B_MotorBoat
task1_test_000630.wav,C_Passenger
task1_test_000631.wav,D_LargeShip
task1_test_000632.wav,D_LargeShip
task1_test_000633.wav,A_SmallWorking
task1_test_000634.wav,A_SmallWorking
task1_test_000635.wav,D_LargeShip
task1_test_000636.wav,B_MotorBoat
task1_test_000637.wav,A_SmallWorking
task1_test_000638.wav,A_SmallWorking
task1_test_000639.wav,B_MotorBoat
task1_test_000640.wav,D_LargeShip
task1_test_000641.wav,A_SmallWorking
task1_test_000642.wav,A_SmallWorking
task1_test_000643.wav,A_SmallWorking
task1_test_000644.wav,A_SmallWorking
task1_test_000645.wav,A_SmallWorking
task1_test_000646.wav,D_LargeShip
task1_test_000647.wav,D_LargeShip
task1_test_000648.wav,A_SmallWorking
task1_test_000649.wav,D_LargeShip
task1_test_000650.wav,A_SmallWorking
task1_test_000651.wav,A_SmallWorking
task1_test_000652.wav,B_MotorBoat
task1_test_000653.wav,A_SmallWorking
task1_test_000654.wav,D_LargeShip
task1_test_000655.wav,D_LargeShip
task1_test_000656.wav,A_SmallWorking
task1_test_000657.wav,A_SmallWorking
task1_test_000658.wav,A_SmallWorking
task1_test_000659.wav,B_MotorBoat
task1_test_000660.wav,A_SmallWorking
task1_test_000661.wav,A_SmallWorking
task1_test_000662.wav,A_SmallWorking
task1_test_000663.wav,A_SmallWorking
task1_test_000664.wav,A_SmallWorking
task1_test_000665.wav,A_SmallWorking
task1_test_000666.wav,A_SmallWorking
task1_test_000667.wav,A_SmallWorking
task1_test_000668.wav,A_SmallWorking
task1_test_000669.wav,A_SmallWorking
task1_test_000670.wav,A_SmallWorking
task1_test_000671.wav,B_MotorBoat
task1_test_000672.wav,B_MotorBoat
task1_test_000673.wav,D_LargeShip
task1_test_000674.wav,A_SmallWorking
task1_test_000675.wav,C_Passenger
task1_test_000676.wav,A_SmallWorking
task1_test_000677.wav,A_SmallWorking
task1_test_000678.wav,C_Passenger
task1_test_000679.wav,C_Passenger
task1_test_000680.wav,B_MotorBoat
task1_test_000681.wav,A_SmallWorking
task1_test_000682.wav,D_LargeShip
task1_test_000683.wav,B_MotorBoat
task1_test_000684.wav,A_SmallWorking
task1_test_000685.wav,A_SmallWorking
task1_test_000686.wav,D_LargeShip
task1_test_000687.wav,A_SmallWorking
task1_test_000688.wav,A_SmallWorking
task1_test_000689.wav,A_SmallWorking
task1_test_000690.wav,A_SmallWorking
task1_test_000691.wav,A_SmallWorking
task1_test_000692.wav,B_MotorBoat
task1_test_000693.wav,C_Passenger
task1_test_000694.wav,A_SmallWorking
task1_test_000695.wav,B_MotorBoat
task1_test_000696.wav,A_SmallWorking
task1_test_000697.wav,C_Passenger
task1_test_000698.wav,A_SmallWorking
task1_test_000699.wav,A_SmallWorking
task1_test_000700.wav,D_LargeShip
task1_test_000701.wav,A_SmallWorking
task1_test_000702.wav,B_MotorBoat
task1_test_000703.wav,B_MotorBoat
task1_test_000704.wav,A_SmallWorking
task1_test_000705.wav,B_MotorBoat
task1_test_000706.wav,B_MotorBoat
task1_test_000707.wav,D_LargeShip
task1_test_000708.wav,B_MotorBoat
task1_test_000709.wav,D_LargeShip
task1_test_000710.wav,D_LargeShip
task1_test_000711.wav,D_LargeShip
task1_test_000712.wav,B_MotorBoat
task1_test_000713.wav,D_LargeShip
task1_test_000714.wav,C_Passenger
task1_test_000715.wav,B_MotorBoat
task1_test_000716.wav,A_SmallWorking
task1_test_000717.wav,B_MotorBoat
task1_test_000718.wav,A_SmallWorking
task1_test_000719.wav,D_LargeShip
task1_test_000720.wav,D_LargeShip
task1_test_000721.wav,A_SmallWorking
task1_test_000722.wav,A_SmallWorking
task1_test_000723.wav,C_Passenger
task1_test_000724.wav,A_SmallWorking
task1_test_000725.wav,D_LargeShip
task1_test_000726.wav,A_SmallWorking
task1_test_000727.wav,D_LargeShip
task1_test_000728.wav,C_Passenger
task1_test_000729.wav,D_LargeShip
task1_test_000730.wav,D_LargeShip
task1_test_000731.wav,A_SmallWorking
task1_test_000732.wav,A_SmallWorking
task1_test_000733.wav,B_MotorBoat
task1_test_000734.wav,A_SmallWorking
task1_test_000735.wav,D_LargeShip
task1_test_000736.wav,B_MotorBoat
task1_test_000737.wav,B_MotorBoat
task1_test_000738.wav,A_SmallWorking
task1_test_000739.wav,A_SmallWorking
task1_test_000740.wav,B_MotorBoat
task1_test_000741.wav,A_SmallWorking
task1_test_000742.wav,D_LargeShip
task1_test_000743.wav,A_SmallWorking
task1_test_000744.wav,B_MotorBoat
task1_test_000745.wav,B_MotorBoat
task1_test_000746.wav,A_SmallWorking
task1_test_000747.wav,B_MotorBoat
task1_test_000748.wav,C_Passenger
task1_test_000749.wav,A_SmallWorking
task1_test_000750.wav,A_SmallWorking
task1_test_000751.wav,B_MotorBoat
task1_test_000752.wav,A_SmallWorking
task1_test_000753.wav,A_SmallWorking
task1_test_000754.wav,D_LargeShip
task1_test_000755.wav,A_SmallWorking
task1_test_000756.wav,A_SmallWorking
task1_test_000757.wav,A_SmallWorking
task1_test_000758.wav,B_MotorBoat
task1_test_000759.wav,A_SmallWorking
task1_test_000760.wav,D_LargeShip
task1_test_000761.wav,A_SmallWorking
task1_test_000762.wav,A_SmallWorking
task1_test_000763.wav,A_SmallWorking
task1_test_000764.wav,A_SmallWorking
task1_test_000765.wav,A_SmallWorking
task1_test_000766.wav,A_SmallWorking
task1_test_000767.wav,A_SmallWorking
task1_test_000768.wav,A_SmallWorking
task1_test_000769.wav,C_Passenger
task1_test_000770.wav,C_Passenger
task1_test_000771.wav,C_Passenger
task1_test_000772.wav,B_MotorBoat
task1_test_000773.wav,A_SmallWorking
task1_test_000774.wav,D_LargeShip
task1_test_000775.wav,B_MotorBoat
task1_test_000776.wav,D_LargeShip
task1_test_000777.wav,A_SmallWorking
task1_test_000778.wav,A_SmallWorking
task1_test_000779.wav,D_LargeShip
task1_test_000780.wav,C_Passenger
task1_test_000781.wav,C_Passenger
task1_test_000782.wav,C_Passenger
task1_test_000783.wav,A_SmallWorking
task1_test_000784.wav,A_SmallWorking
task1_test_000785.wav,C_Passenger
task1_test_000786.wav,A_SmallWorking
task1_test_000787.wav,A_SmallWorking
task1_test_000788.wav,D_LargeShip
task1_test_000789.wav,A_SmallWorking
task1_test_000790.wav,B_MotorBoat
task1_test_000791.wav,D_LargeShip
task1_test_000792.wav,A_SmallWorking
task1_test_000793.wav,A_SmallWorking
task1_test_000794.wav,B_MotorBoat
task1_test_000795.wav,B_MotorBoat
task1_test_000796.wav,D_LargeShip
task1_test_000797.wav,B_MotorBoat
task1_test_000798.wav,A_SmallWorking
task1_test_000799.wav,D_LargeShip
task1_test_000800.wav,A_SmallWorking
task1_test_000801.wav,A_SmallWorking
task1_test_000802.wav,A_SmallWorking
task1_test_000803.wav,A_SmallWorking
task1_test_000804.wav,C_Passenger
task1_test_000805.wav,A_SmallWorking
task1_test_000806.wav,C_Passenger
task1_test_000807.wav,B_MotorBoat
task1_test_000808.wav,B_MotorBoat
task1_test_000809.wav,C_Passenger
task1_test_000810.wav,A_SmallWorking
task1_test_000811.wav,A_SmallWorking
task1_test_000812.wav,A_SmallWorking
task1_test_000813.wav,D_LargeShip
task1_test_000814.wav,A_SmallWorking
task1_test_000815.wav,A_SmallWorking
task1_test_000816.wav,D_LargeShip
task1_test_000817.wav,A_SmallWorking
task1_test_000818.wav,A_SmallWorking
task1_test_000819.wav,D_LargeShip
task1_test_000820.wav,A_SmallWorking
task1_test_000821.wav,A_SmallWorking
task1_test_000822.wav,A_SmallWorking
task1_test_000823.wav,B_MotorBoat
task1_test_000824.wav,B_MotorBoat
task1_test_000825.wav,A_SmallWorking
task1_test_000826.wav,A_SmallWorking
task1_test_000827.wav,A_SmallWorking
task1_test_000828.wav,D_LargeShip
task1_test_000829.wav,D_LargeShip
task1_test_000830.wav,D_LargeShip
task1_test_000831.wav,A_SmallWorking
task1_test_000832.wav,A_SmallWorking
task1_test_000833.wav,C_Passenger
task1_test_000834.wav,A_SmallWorking
task1_test_000835.wav,A_SmallWorking
task1_test_000836.wav,A_SmallWorking
task1_test_000837.wav,D_LargeShip
task1_test_000838.wav,B_MotorBoat
task1_test_000839.wav,A_SmallWorking
task1_test_000840.wav,D_LargeShip
task1_test_000841.wav,D_LargeShip
task1_test_000842.wav,D_LargeShip
task1_test_000843.wav,C_Passenger
task1_test_000844.wav,A_SmallWorking
task1_test_000845.wav,B_MotorBoat
task1_test_000846.wav,A_SmallWorking
task1_test_000847.wav,B_MotorBoat
task1_test_000848.wav,D_LargeShip
task1_test_000849.wav,B_MotorBoat
task1_test_000850.wav,A_SmallWorking
task1_test_000851.wav,D_LargeShip
task1_test_000852.wav,C_Passenger
task1_test_000853.wav,A_SmallWorking
task1_test_000854.wav,A_SmallWorking
task1_test_000855.wav,A_SmallWorking
task1_test_000856.wav,A_SmallWorking
task1_test_000857.wav,D_LargeShip
task1_test_000858.wav,D_LargeShip
task1_test_000859.wav,A_SmallWorking
task1_test_000860.wav,D_LargeShip
task1_test_000861.wav,B_MotorBoat
task1_test_000862.wav,D_LargeShip
task1_test_000863.wav,A_SmallWorking
task1_test_000864.wav,D_LargeShip
task1_test_000865.wav,C_Passenger
task1_test_000866.wav,A_SmallWorking
task1_test_000867.wav,A_SmallWorking
task1_test_000868.wav,D_LargeShip
task1_test_000869.wav,A_SmallWorking
task1_test_000870.wav,D_LargeShip
task1_test_000871.wav,A_SmallWorking
task1_test_000872.wav,A_SmallWorking
task1_test_000873.wav,B_MotorBoat
task1_test_000874.wav,D_LargeShip
task1_test_000875.wav,B_MotorBoat
task1_test_000876.wav,A_SmallWorking
task1_test_000877.wav,D_LargeShip
task1_test_000878.wav,D_LargeShip
task1_test_000879.wav,A_SmallWorking
task1_test_000880.wav,D_LargeShip
task1_test_000881.wav,A_SmallWorking
task1_test_000882.wav,D_LargeShip
task1_test_000883.wav,B_MotorBoat
task1_test_000884.wav,A_SmallWorking
task1_test_000885.wav,B_MotorBoat
task1_test_000886.wav,A_SmallWorking
task1_test_000887.wav,D_LargeShip
task1_test_000888.wav,A_SmallWorking
task1_test_000889.wav,A_SmallWorking
task1_test_000890.wav,A_SmallWorking
task1_test_000891.wav,D_LargeShip
task1_test_000892.wav,C_Passenger
task1_test_000893.wav,D_LargeShip
task1_test_000894.wav,A_SmallWorking
task1_test_000895.wav,A_SmallWorking
task1_test_000896.wav,C_Passenger
task1_test_000897.wav,C_Passenger
task1_test_000898.wav,A_SmallWorking
task1_test_000899.wav,D_LargeShip
task1_test_000900.wav,A_SmallWorking
task1_test_000901.wav,D_LargeShip
task1_test_000902.wav,A_SmallWorking
task1_test_000903.wav,A_SmallWorking
task1_test_000904.wav,D_LargeShip
task1_test_000905.wav,A_SmallWorking
task1_test_000906.wav,A_SmallWorking
task1_test_000907.wav,A_SmallWorking
task1_test_000908.wav,A_SmallWorking
task1_test_000909.wav,B_MotorBoat
task1_test_000910.wav,B_MotorBoat
task1_test_000911.wav,D_LargeShip
task1_test_000912.wav,C_Passenger
task1_test_000913.wav,C_Passenger
task1_test_000914.wav,C_Passenger
task1_test_000915.wav,D_LargeShip
task1_test_000916.wav,C_Passenger
task1_test_000917.wav,C_Passenger
task1_test_000918.wav,A_SmallWorking
task1_test_000919.wav,A_SmallWorking
task1_test_000920.wav,B_MotorBoat
task1_test_000921.wav,A_SmallWorking
task1_test_000922.wav,A_SmallWorking
task1_test_000923.wav,D_LargeShip
task1_test_000924.wav,A_SmallWorking
task1_test_000925.wav,A_SmallWorking
task1_test_000926.wav,A_SmallWorking
task1_test_000927.wav,B_MotorBoat
task1_test_000928.wav,A_SmallWorking
task1_test_000929.wav,A_SmallWorking
task1_test_000930.wav,D_LargeShip
task1_test_000931.wav,A_SmallWorking
task1_test_000932.wav,A_SmallWorking
task1_test_000933.wav,D_LargeShip
task1_test_000934.wav,D_LargeShip
task1_test_000935.wav,D_LargeShip
task1_test_000936.wav,B_MotorBoat
task1_test_000937.wav,A_SmallWorking
task1_test_000938.wav,D_LargeShip
task1_test_000939.wav,A_SmallWorking
task1_test_000940.wav,B_MotorBoat
task1_test_000941.wav,A_SmallWorking
task1_test_000942.wav,B_MotorBoat
task1_test_000943.wav,A_SmallWorking
task1_test_000944.wav,C_Passenger
task1_test_000945.wav,B_MotorBoat
task1_test_000946.wav,A_SmallWorking
task1_test_000947.wav,A_SmallWorking
task1_test_000948.wav,D_LargeShip
task1_test_000949.wav,A_SmallWorking
task1_test_000950.wav,A_SmallWorking
task1_test_000951.wav,A_SmallWorking
task1_test_000952.wav,B_MotorBoat
task1_test_000953.wav,D_LargeShip
task1_test_000954.wav,A_SmallWorking
task1_test_000955.wav,D_LargeShip
task1_test_000956.wav,A_SmallWorking
task1_test_000957.wav,B_MotorBoat
task1_test_000958.wav,D_LargeShip
task1_test_000959.wav,B_MotorBoat
task1_test_000960.wav,A_SmallWorking
task1_test_000961.wav,B_MotorBoat
task1_test_000962.wav,A_SmallWorking
task1_test_000963.wav,A_SmallWorking
task1_test_000964.wav,D_LargeShip
task1_test_000965.wav,C_Passenger
task1_test_000966.wav,A_SmallWorking
task1_test_000967.wav,C_Passenger
task1_test_000968.wav,D_LargeShip
task1_test_000969.wav,A_SmallWorking
task1_test_000970.wav,B_MotorBoat
task1_test_000971.wav,B_MotorBoat
task1_test_000972.wav,A_SmallWorking
task1_test_000973.wav,A_SmallWorking
task1_test_000974.wav,B_MotorBoat
task1_test_000975.wav,D_LargeShip
task1_test_000976.wav,B_MotorBoat
task1_test_000977.wav,D_LargeShip
task1_test_000978.wav,D_LargeShip
task1_test_000979.wav,D_LargeShip
task1_test_000980.wav,A_SmallWorking
task1_test_000981.wav,A_SmallWorking
task1_test_000982.wav,A_SmallWorking
task1_test_000983.wav,A_SmallWorking
task1_test_000984.wav,A_SmallWorking
task1_test_000985.wav,D_LargeShip
task1_test_000986.wav,A_SmallWorking
task1_test_000987.wav,D_LargeShip
task1_test_000988.wav,C_Passenger
task1_test_000989.wav,C_Passenger
task1_test_000990.wav,D_LargeShip
task1_test_000991.wav,A_SmallWorking
task1_test_000992.wav,D_LargeShip
task1_test_000993.wav,B_MotorBoat
task1_test_000994.wav,D_LargeShip
task1_test_000995.wav,A_SmallWorking
task1_test_000996.wav,A_SmallWorking
task1_test_000997.wav,A_SmallWorking
task1_test_000998.wav,A_SmallWorking
task1_test_000999.wav,A_SmallWorking
task1_test_001000.wav,B_MotorBoat
task1_test_001001.wav,A_SmallWorking
task1_test_001002.wav,B_MotorBoat
task1_test_001003.wav,A_SmallWorking
task1_test_001004.wav,B_MotorBoat
task1_test_001005.wav,C_Passenger
task1_test_001006.wav,B_MotorBoat
task1_test_001007.wav,A_SmallWorking
task1_test_001008.wav,A_SmallWorking
task1_test_001009.wav,B_MotorBoat
task1_test_001010.wav,D_LargeShip
task1_test_001011.wav,B_MotorBoat
task1_test_001012.wav,C_Passenger
task1_test_001013.wav,A_SmallWorking
task1_test_001014.wav,C_Passenger
task1_test_001015.wav,A_SmallWorking
task1_test_001016.wav,A_SmallWorking
task1_test_001017.wav,D_LargeShip
task1_test_001018.wav,A_SmallWorking
task1_test_001019.wav,D_LargeShip
task1_test_001020.wav,A_SmallWorking
task1_test_001021.wav,A_SmallWorking
task1_test_001022.wav,A_SmallWorking
task1_test_001023.wav,D_LargeShip
task1_test_001024.wav,A_SmallWorking
task1_test_001025.wav,D_LargeShip
task1_test_001026.wav,B_MotorBoat
task1_test_001027.wav,A_SmallWorking
task1_test_001028.wav,B_MotorBoat
task1_test_001029.wav,D_LargeShip
task1_test_001030.wav,D_LargeShip
task1_test_001031.wav,A_SmallWorking
task1_test_001032.wav,D_LargeShip
task1_test_001033.wav,B_MotorBoat
task1_test_001034.wav,A_SmallWorking
task1_test_001035.wav,D_LargeShip
task1_test_001036.wav,D_LargeShip
task1_test_001037.wav,B_MotorBoat
task1_test_001038.wav,B_MotorBoat
task1_test_001039.wav,A_SmallWorking
task1_test_001040.wav,B_MotorBoat
task1_test_001041.wav,D_LargeShip
task1_test_001042.wav,D_LargeShip
task1_test_001043.wav,B_MotorBoat
task1_test_001044.wav,C_Passenger
task1_test_001045.wav,D_LargeShip
task1_test_001046.wav,A_SmallWorking
task1_test_001047.wav,C_Passenger
task1_test_001048.wav,B_MotorBoat
task1_test_001049.wav,A_SmallWorking
task1_test_001050.wav,D_LargeShip
task1_test_001051.wav,B_MotorBoat
task1_test_001052.wav,A_SmallWorking
task1_test_001053.wav,D_LargeShip
task1_test_001054.wav,A_SmallWorking
task1_test_001055.wav,D_LargeShip
task1_test_001056.wav,A_SmallWorking
task1_test_001057.wav,A_SmallWorking
task1_test_001058.wav,D_LargeShip
task1_test_001059.wav,A_SmallWorking
task1_test_001060.wav,A_SmallWorking
task1_test_001061.wav,A_SmallWorking
task1_test_001062.wav,B_MotorBoat
task1_test_001063.wav,A_SmallWorking
task1_test_001064.wav,C_Passenger
task1_test_001065.wav,B_MotorBoat
task1_test_001066.wav,C_Passenger
task1_test_001067.wav,A_SmallWorking
task1_test_001068.wav,A_SmallWorking
task1_test_001069.wav,B_MotorBoat
task1_test_001070.wav,D_LargeShip
task1_test_001071.wav,B_MotorBoat
task1_test_001072.wav,B_MotorBoat
task1_test_001073.wav,D_LargeShip
task1_test_001074.wav,A_SmallWorking
task1_test_001075.wav,D_LargeShip
task1_test_001076.wav,A_SmallWorking
task1_test_001077.wav,B_MotorBoat
task1_test_001078.wav,A_SmallWorking
task1_test_001079.wav,A_SmallWorking
task1_test_001080.wav,D_LargeShip
task1_test_001081.wav,D_LargeShip
task1_test_001082.wav,A_SmallWorking
task1_test_001083.wav,A_SmallWorking
task1_test_001084.wav,A_SmallWorking
task1_test_001085.wav,A_SmallWorking
task1_test_001086.wav,A_SmallWorking
task1_test_001087.wav,A_SmallWorking
task1_test_001088.wav,D_LargeShip
task1_test_001089.wav,B_MotorBoat
task1_test_001090.wav,A_SmallWorking
task1_test_001091.wav,A_SmallWorking
task1_test_001092.wav,B_MotorBoat
task1_test_001093.wav,A_SmallWorking
task1_test_001094.wav,D_LargeShip
task1_test_001095.wav,C_Passenger
task1_test_001096.wav,C_Passenger
task1_test_001097.wav,C_Passenger
task1_test_001098.wav,A_SmallWorking
task1_test_001099.wav,C_Passenger
task1_test_001100.wav,A_SmallWorking
task1_test_001101.wav,D_LargeShip
task1_test_001102.wav,D_LargeShip
task1_test_001103.wav,D_LargeShip
task1_test_001104.wav,A_SmallWorking
task1_test_001105.wav,C_Passenger
task1_test_001106.wav,B_MotorBoat
task1_test_001107.wav,D_LargeShip
task1_test_001108.wav,C_Passenger
task1_test_001109.wav,C_Passenger
task1_test_001110.wav,D_LargeShip
task1_test_001111.wav,D_LargeShip
task1_test_001112.wav,A_SmallWorking
task1_test_001113.wav,A_SmallWorking
task1_test_001114.wav,A_SmallWorking
task1_test_001115.wav,A_SmallWorking
task1_test_001116.wav,C_Passenger
task1_test_001117.wav,A_SmallWorking
task1_test_001118.wav,D_LargeShip
task1_test_001119.wav,D_LargeShip
task1_test_001120.wav,B_MotorBoat
task1_test_001121.wav,A_SmallWorking
task1_test_001122.wav,B_MotorBoat
task1_test_001123.wav,A_SmallWorking
task1_test_001124.wav,D_LargeShip
task1_test_001125.wav,A_SmallWorking
task1_test_001126.wav,C_Passenger
task1_test_001127.wav,A_SmallWorking
task1_test_001128.wav,C_Passenger
task1_test_001129.wav,C_Passenger
task1_test_001130.wav,D_LargeShip
task1_test_001131.wav,B_MotorBoat
task1_test_001132.wav,D_LargeShip
task1_test_001133.wav,B_MotorBoat
task1_test_001134.wav,A_SmallWorking
task1_test_001135.wav,D_LargeShip
task1_test_001136.wav,A_SmallWorking
task1_test_001137.wav,A_SmallWorking
task1_test_001138.wav,D_LargeShip
task1_test_001139.wav,D_LargeShip
task1_test_001140.wav,B_MotorBoat
task1_test_001141.wav,A_SmallWorking
task1_test_001142.wav,A_SmallWorking
task1_test_001143.wav,A_SmallWorking
task1_test_001144.wav,D_LargeShip
task1_test_001145.wav,A_SmallWorking
task1_test_001146.wav,D_LargeShip
task1_test_001147.wav,B_MotorBoat
task1_test_001148.wav,A_SmallWorking
task1_test_001149.wav,A_SmallWorking
task1_test_001150.wav,A_SmallWorking
task1_test_001151.wav,A_SmallWorking
task1_test_001152.wav,A_SmallWorking
task1_test_001153.wav,D_LargeShip
task1_test_001154.wav,A_SmallWorking
task1_test_001155.wav,A_SmallWorking
task1_test_001156.wav,B_MotorBoat
task1_test_001157.wav,D_LargeShip
task1_test_001158.wav,A_SmallWorking
task1_test_001159.wav,A_SmallWorking
task1_test_001160.wav,B_MotorBoat
task1_test_001161.wav,A_SmallWorking
task1_test_001162.wav,D_LargeShip
task1_test_001163.wav,A_SmallWorking
task1_test_001164.wav,B_MotorBoat
task1_test_001165.wav,A_SmallWorking
task1_test_001166.wav,A_SmallWorking
task1_test_001167.wav,A_SmallWorking
task1_test_001168.wav,A_SmallWorking
task1_test_001169.wav,B_MotorBoat
task1_test_001170.wav,D_LargeShip
task1_test_001171.wav,B_MotorBoat
task1_test_001172.wav,A_SmallWorking
task1_test_001173.wav,D_LargeShip
task1_test_001174.wav,B_MotorBoat
task1_test_001175.wav,C_Passenger
task1_test_001176.wav,A_SmallWorking
task1_test_001177.wav,A_SmallWorking
task1_test_001178.wav,A_SmallWorking
task1_test_001179.wav,D_LargeShip
task1_test_001180.wav,B_MotorBoat
task1_test_001181.wav,D_LargeShip
task1_test_001182.wav,A_SmallWorking
task1_test_001183.wav,C_Passenger
task1_test_001184.wav,C_Passenger
task1_test_001185.wav,A_SmallWorking
task1_test_001186.wav,D_LargeShip
task1_test_001187.wav,D_LargeShip
task1_test_001188.wav,D_LargeShip
task1_test_001189.wav,D_LargeShip
task1_test_001190.wav,A_SmallWorking
task1_test_001191.wav,B_MotorBoat
task1_test_001192.wav,A_SmallWorking
task1_test_001193.wav,D_LargeShip
task1_test_001194.wav,B_MotorBoat
task1_test_001195.wav,D_LargeShip
task1_test_001196.wav,B_MotorBoat
task1_test_001197.wav,A_SmallWorking
task1_test_001198.wav,B_MotorBoat
task1_test_001199.wav,D_LargeShip
task1_test_001200.wav,A_SmallWorking
task1_test_001201.wav,B_MotorBoat
task1_test_001202.wav,D_LargeShip
task1_test_001203.wav,D_LargeShip
task1_test_001204.wav,D_LargeShip
task1_test_001205.wav,B_MotorBoat
task1_test_001206.wav,D_LargeShip
task1_test_001207.wav,A_SmallWorking
task1_test_001208.wav,D_LargeShip
task1_test_001209.wav,C_Passenger
task1_test_001210.wav,D_LargeShip
task1_test_001211.wav,B_MotorBoat
task1_test_001212.wav,A_SmallWorking
task1_test_001213.wav,A_SmallWorking
task1_test_001214.wav,B_MotorBoat
task1_test_001215.wav,A_SmallWorking
task1_test_001216.wav,B_MotorBoat
task1_test_001217.wav,A_SmallWorking
task1_test_001218.wav,A_SmallWorking
task1_test_001219.wav,A_SmallWorking
task1_test_001220.wav,B_MotorBoat
task1_test_001221.wav,B_MotorBoat
task1_test_001222.wav,A_SmallWorking
task1_test_001223.wav,D_LargeShip
task1_test_001224.wav,C_Passenger
task1_test_001225.wav,D_LargeShip
task1_test_001226.wav,D_LargeShip
task1_test_001227.wav,B_MotorBoat
task1_test_001228.wav,A_SmallWorking
task1_test_001229.wav,D_LargeShip
task1_test_001230.wav,A_SmallWorking
task1_test_001231.wav,D_LargeShip
task1_test_001232.wav,A_SmallWorking
task1_test_001233.wav,A_SmallWorking
task1_test_001234.wav,B_MotorBoat
task1_test_001235.wav,D_LargeShip
task1_test_001236.wav,A_SmallWorking
task1_test_001237.wav,A_SmallWorking
task1_test_001238.wav,D_LargeShip
task1_test_001239.wav,D_LargeShip
task1_test_001240.wav,C_Passenger
task1_test_001241.wav,D_LargeShip
task1_test_001242.wav,A_SmallWorking
task1_test_001243.wav,D_LargeShip
task1_test_001244.wav,A_SmallWorking
task1_test_001245.wav,A_SmallWorking
task1_test_001246.wav,A_SmallWorking
task1_test_001247.wav,A_SmallWorking
task1_test_001248.wav,D_LargeShip
task1_test_001249.wav,A_SmallWorking
task1_test_001250.wav,A_SmallWorking
task1_test_001251.wav,D_LargeShip
task1_test_001252.wav,B_MotorBoat
task1_test_001253.wav,A_SmallWorking
task1_test_001254.wav,A_SmallWorking
task1_test_001255.wav,A_SmallWorking
task1_test_001256.wav,B_MotorBoat
task1_test_001257.wav,B_MotorBoat
task1_test_001258.wav,B_MotorBoat
task1_test_001259.wav,A_SmallWorking
task1_test_001260.wav,A_SmallWorking
task1_test_001261.wav,A_SmallWorking
task1_test_001262.wav,C_Passenger
task1_test_001263.wav,D_LargeShip
task1_test_001264.wav,B_MotorBoat
task1_test_001265.wav,D_LargeShip
task1_test_001266.wav,C_Passenger
task1_test_001267.wav,A_SmallWorking
task1_test_001268.wav,B_MotorBoat
task1_test_001269.wav,C_Passenger
task1_test_001270.wav,A_SmallWorking
task1_test_001271.wav,A_SmallWorking
task1_test_001272.wav,B_MotorBoat
task1_test_001273.wav,B_MotorBoat
task1_test_001274.wav,B_MotorBoat
task1_test_001275.wav,D_LargeShip
task1_test_001276.wav,A_SmallWorking
task1_test_001277.wav,B_MotorBoat
task1_test_001278.wav,A_SmallWorking
task1_test_001279.wav,A_SmallWorking
task1_test_001280.wav,C_Passenger
task1_test_001281.wav,D_LargeShip
task1_test_001282.wav,A_SmallWorking
task1_test_001283.wav,D_LargeShip
task1_test_001284.wav,C_Passenger
task1_test_001285.wav,A_SmallWorking
task1_test_001286.wav,A_SmallWorking
task1_test_001287.wav,B_MotorBoat
task1_test_001288.wav,A_SmallWorking
task1_test_001289.wav,C_Passenger
task1_test_001290.wav,A_SmallWorking
task1_test_001291.wav,D_LargeShip
task1_test_001292.wav,D_LargeShip
task1_test_001293.wav,D_LargeShip
task1_test_001294.wav,D_LargeShip
task1_test_001295.wav,B_MotorBoat
task1_test_001296.wav,A_SmallWorking
task1_test_001297.wav,D_LargeShip
task1_test_001298.wav,B_MotorBoat
task1_test_001299.wav,D_LargeShip
task1_test_001300.wav,A_SmallWorking
task1_test_001301.wav,C_Passenger
task1_test_001302.wav,C_Passenger
task1_test_001303.wav,A_SmallWorking
task1_test_001304.wav,B_MotorBoat
task1_test_001305.wav,D_LargeShip
task1_test_001306.wav,A_SmallWorking
task1_test_001307.wav,A_SmallWorking
task1_test_001308.wav,A_SmallWorking
task1_test_001309.wav,A_SmallWorking
task1_test_001310.wav,A_SmallWorking
task1_test_001311.wav,A_SmallWorking
task1_test_001312.wav,A_SmallWorking
task1_test_001313.wav,A_SmallWorking
task1_test_001314.wav,D_LargeShip
task1_test_001315.wav,C_Passenger
task1_test_001316.wav,A_SmallWorking
task1_test_001317.wav,B_MotorBoat
task1_test_001318.wav,B_MotorBoat
task1_test_001319.wav,A_SmallWorking
task1_test_001320.wav,A_SmallWorking
task1_test_001321.wav,A_SmallWorking
task1_test_001322.wav,D_LargeShip
task1_test_001323.wav,D_LargeShip
task1_test_001324.wav,D_LargeShip
task1_test_001325.wav,A_SmallWorking
task1_test_001326.wav,D_LargeShip
task1_test_001327.wav,A_SmallWorking
task1_test_001328.wav,D_LargeShip
task1_test_001329.wav,A_SmallWorking
task1_test_001330.wav,A_SmallWorking
task1_test_001331.wav,C_Passenger
task1_test_001332.wav,A_SmallWorking
task1_test_001333.wav,A_SmallWorking
task1_test_001334.wav,B_MotorBoat
task1_test_001335.wav,A_SmallWorking
task1_test_001336.wav,B_MotorBoat
task1_test_001337.wav,A_SmallWorking
task1_test_001338.wav,A_SmallWorking
task1_test_001339.wav,B_MotorBoat
task1_test_001340.wav,A_SmallWorking
task1_test_001341.wav,A_SmallWorking
task1_test_001342.wav,A_SmallWorking
task1_test_001343.wav,C_Passenger
task1_test_001344.wav,C_Passenger
task1_test_001345.wav,B_MotorBoat
task1_test_001346.wav,A_SmallWorking
task1_test_001347.wav,B_MotorBoat
task1_test_001348.wav,A_SmallWorking
task1_test_001349.wav,B_MotorBoat
task1_test_001350.wav,A_SmallWorking
task1_test_001351.wav,B_MotorBoat
task1_test_001352.wav,B_MotorBoat
task1_test_001353.wav,A_SmallWorking
task1_test_001354.wav,B_MotorBoat
task1_test_001355.wav,A_SmallWorking
task1_test_001356.wav,B_MotorBoat
task1_test_001357.wav,A_SmallWorking
task1_test_001358.wav,A_SmallWorking
task1_test_001359.wav,B_MotorBoat
task1_test_001360.wav,B_MotorBoat
task1_test_001361.wav,D_LargeShip
task1_test_001362.wav,A_SmallWorking
task1_test_001363.wav,A_SmallWorking
task1_test_001364.wav,A_SmallWorking
task1_test_001365.wav,B_MotorBoat
task1_test_001366.wav,B_MotorBoat
task1_test_001367.wav,B_MotorBoat
task1_test_001368.wav,A_SmallWorking
task1_test_001369.wav,A_SmallWorking
task1_test_001370.wav,D_LargeShip
task1_test_001371.wav,A_SmallWorking
task1_test_001372.wav,A_SmallWorking
task1_test_001373.wav,B_MotorBoat
task1_test_001374.wav,A_SmallWorking
task1_test_001375.wav,C_Passenger
task1_test_001376.wav,A_SmallWorking
task1_test_001377.wav,A_SmallWorking
task1_test_001378.wav,B_MotorBoat
task1_test_001379.wav,A_SmallWorking
task1_test_001380.wav,B_MotorBoat
task1_test_001381.wav,A_SmallWorking
task1_test_001382.wav,B_MotorBoat
task1_test_001383.wav,D_LargeShip
task1_test_001384.wav,A_SmallWorking
task1_test_001385.wav,D_LargeShip
task1_test_001386.wav,D_LargeShip
task1_test_001387.wav,A_SmallWorking
task1_test_001388.wav,B_MotorBoat
task1_test_001389.wav,A_SmallWorking
task1_test_001390.wav,A_SmallWorking
task1_test_001391.wav,B_MotorBoat
task1_test_001392.wav,A_SmallWorking
task1_test_001393.wav,A_SmallWorking
task1_test_001394.wav,D_LargeShip
task1_test_001395.wav,C_Passenger
task1_test_001396.wav,A_SmallWorking
task1_test_001397.wav,D_LargeShip
task1_test_001398.wav,A_SmallWorking
task1_test_001399.wav,D_LargeShip
task1_test_001400.wav,C_Passenger
task1_test_001401.wav,A_SmallWorking
task1_test_001402.wav,B_MotorBoat
task1_test_001403.wav,A_SmallWorking
task1_test_001404.wav,D_LargeShip
task1_test_001405.wav,A_SmallWorking
task1_test_001406.wav,A_SmallWorking
task1_test_001407.wav,B_MotorBoat
task1_test_001408.wav,A_SmallWorking
task1_test_001409.wav,A_SmallWorking
task1_test_001410.wav,C_Passenger
task1_test_001411.wav,B_MotorBoat
task1_test_001412.wav,B_MotorBoat
task1_test_001413.wav,D_LargeShip
task1_test_001414.wav,D_LargeShip
task1_test_001415.wav,D_LargeShip
task1_test_001416.wav,A_SmallWorking
task1_test_001417.wav,B_MotorBoat
task1_test_001418.wav,A_SmallWorking
task1_test_001419.wav,A_SmallWorking
task1_test_001420.wav,A_SmallWorking
task1_test_001421.wav,A_SmallWorking
task1_test_001422.wav,D_LargeShip
task1_test_001423.wav,B_MotorBoat
task1_test_001424.wav,D_LargeShip
task1_test_001425.wav,D_LargeShip
task1_test_001426.wav,A_SmallWorking
task1_test_001427.wav,A_SmallWorking
task1_test_001428.wav,C_Passenger
task1_test_001429.wav,D_LargeShip
task1_test_001430.wav,B_MotorBoat
task1_test_001431.wav,D_LargeShip
task1_test_001432.wav,D_LargeShip
task1_test_001433.wav,A_SmallWorking
task1_test_001434.wav,A_SmallWorking
task1_test_001435.wav,A_SmallWorking
task1_test_001436.wav,C_Passenger
task1_test_001437.wav,A_SmallWorking
task1_test_001438.wav,D_LargeShip
task1_test_001439.wav,D_LargeShip
task1_test_001440.wav,B_MotorBoat
task1_test_001441.wav,A_SmallWorking
task1_test_001442.wav,A_SmallWorking
task1_test_001443.wav,A_SmallWorking
task1_test_001444.wav,D_LargeShip
task1_test_001445.wav,D_LargeShip
task1_test_001446.wav,D_LargeShip
task1_test_001447.wav,A_SmallWorking
task1_test_001448.wav,D_LargeShip
task1_test_001449.wav,B_MotorBoat
task1_test_001450.wav,C_Passenger
task1_test_001451.wav,A_SmallWorking
task1_test_001452.wav,D_LargeShip
task1_test_001453.wav,B_MotorBoat
task1_test_001454.wav,B_MotorBoat
task1_test_001455.wav,C_Passenger
task1_test_001456.wav,D_LargeShip
task1_test_001457.wav,B_MotorBoat
task1_test_001458.wav,D_LargeShip
task1_test_001459.wav,A_SmallWorking
task1_test_001460.wav,D_LargeShip
task1_test_001461.wav,B_MotorBoat
task1_test_001462.wav,A_SmallWorking
task1_test_001463.wav,A_SmallWorking
task1_test_001464.wav,A_SmallWorking
task1_test_001465.wav,D_LargeShip
task1_test_001466.wav,D_LargeShip
task1_test_001467.wav,A_SmallWorking
task1_test_001468.wav,A_SmallWorking
task1_test_001469.wav,A_SmallWorking
task1_test_001470.wav,D_LargeShip
task1_test_001471.wav,D_LargeShip
task1_test_001472.wav,A_SmallWorking
task1_test_001473.wav,A_SmallWorking
task1_test_001474.wav,B_MotorBoat
task1_test_001475.wav,A_SmallWorking
task1_test_001476.wav,A_SmallWorking
task1_test_001477.wav,A_SmallWorking
task1_test_001478.wav,B_MotorBoat
task1_test_001479.wav,A_SmallWorking
task1_test_001480.wav,A_SmallWorking
task1_test_001481.wav,D_LargeShip
task1_test_001482.wav,D_LargeShip
task1_test_001483.wav,A_SmallWorking
task1_test_001484.wav,A_SmallWorking
task1_test_001485.wav,C_Passenger
task1_test_001486.wav,C_Passenger
task1_test_001487.wav,A_SmallWorking
task1_test_001488.wav,B_MotorBoat
task1_test_001489.wav,A_SmallWorking
task1_test_001490.wav,B_MotorBoat
task1_test_001491.wav,B_MotorBoat
task1_test_001492.wav,B_MotorBoat
task1_test_001493.wav,D_LargeShip
task1_test_001494.wav,B_MotorBoat
task1_test_001495.wav,B_MotorBoat
task1_test_001496.wav,A_SmallWorking
task1_test_001497.wav,D_LargeShip
task1_test_001498.wav,A_SmallWorking
task1_test_001499.wav,A_SmallWorking
task1_test_001500.wav,D_LargeShip
task1_test_001501.wav,B_MotorBoat
task1_test_001502.wav,B_MotorBoat
task1_test_001503.wav,A_SmallWorking
task1_test_001504.wav,A_SmallWorking
task1_test_001505.wav,D_LargeShip
task1_test_001506.wav,B_MotorBoat
task1_test_001507.wav,C_Passenger
task1_test_001508.wav,A_SmallWorking
task1_test_001509.wav,A_SmallWorking
task1_test_001510.wav,A_SmallWorking
task1_test_001511.wav,A_SmallWorking
task1_test_001512.wav,D_LargeShip
task1_test_001513.wav,D_LargeShip
task1_test_001514.wav,B_MotorBoat
task1_test_001515.wav,A_SmallWorking
task1_test_001516.wav,C_Passenger
task1_test_001517.wav,A_SmallWorking
task1_test_001518.wav,D_LargeShip
task1_test_001519.wav,B_MotorBoat
task1_test_001520.wav,D_LargeShip
task1_test_001521.wav,A_SmallWorking
task1_test_001522.wav,A_SmallWorking
task1_test_001523.wav,B_MotorBoat
task1_test_001524.wav,D_LargeShip
task1_test_001525.wav,A_SmallWorking
task1_test_001526.wav,B_MotorBoat
task1_test_001527.wav,B_MotorBoat
task1_test_001528.wav,D_LargeShip
task1_test_001529.wav,A_SmallWorking
task1_test_001530.wav,A_SmallWorking
task1_test_001531.wav,A_SmallWorking
task1_test_001532.wav,D_LargeShip
task1_test_001533.wav,A_SmallWorking
task1_test_001534.wav,B_MotorBoat
task1_test_001535.wav,C_Passenger
task1_test_001536.wav,A_SmallWorking
task1_test_001537.wav,D_LargeShip
task1_test_001538.wav,C_Passenger
task1_test_001539.wav,D_LargeShip
task1_test_001540.wav,A_SmallWorking
task1_test_001541.wav,B_MotorBoat
task1_test_001542.wav,B_MotorBoat
task1_test_001543.wav,A_SmallWorking
task1_test_001544.wav,A_SmallWorking
task1_test_001545.wav,A_SmallWorking
task1_test_001546.wav,A_SmallWorking
task1_test_001547.wav,A_SmallWorking
task1_test_001548.wav,A_SmallWorking
task1_test_001549.wav,B_MotorBoat
task1_test_001550.wav,D_LargeShip
task1_test_001551.wav,B_MotorBoat
task1_test_001552.wav,A_SmallWorking
task1_test_001553.wav,A_SmallWorking
task1_test_001554.wav,A_SmallWorking
task1_test_001555.wav,D_LargeShip
task1_test_001556.wav,B_MotorBoat
task1_test_001557.wav,B_MotorBoat
task1_test_001558.wav,D_LargeShip
task1_test_001559.wav,D_LargeShip
task1_test_001560.wav,A_SmallWorking
task1_test_001561.wav,B_MotorBoat
task1_test_001562.wav,A_SmallWorking
task1_test_001563.wav,A_SmallWorking
task1_test_001564.wav,C_Passenger
task1_test_001565.wav,B_MotorBoat
task1_test_001566.wav,B_MotorBoat
task1_test_001567.wav,B_MotorBoat
task1_test_001568.wav,C_Passenger
task1_test_001569.wav,D_LargeShip
task1_test_001570.wav,C_Passenger
task1_test_001571.wav,D_LargeShip
task1_test_001572.wav,B_MotorBoat
task1_test_001573.wav,D_LargeShip
task1_test_001574.wav,A_SmallWorking
task1_test_001575.wav,B_MotorBoat
task1_test_001576.wav,A_SmallWorking
task1_test_001577.wav,D_LargeShip
task1_test_001578.wav,C_Passenger
task1_test_001579.wav,B_MotorBoat
task1_test_001580.wav,D_LargeShip
task1_test_001581.wav,B_MotorBoat
task1_test_001582.wav,A_SmallWorking
task1_test_001583.wav,B_MotorBoat
task1_test_001584.wav,A_SmallWorking
task1_test_001585.wav,A_SmallWorking
task1_test_001586.wav,B_MotorBoat
task1_test_001587.wav,B_MotorBoat
task1_test_001588.wav,A_SmallWorking
task1_test_001589.wav,B_MotorBoat
task1_test_001590.wav,B_MotorBoat
task1_test_001591.wav,D_LargeShip
task1_test_001592.wav,D_LargeShip
task1_test_001593.wav,B_MotorBoat
task1_test_001594.wav,B_MotorBoat
task1_test_001595.wav,D_LargeShip
task1_test_001596.wav,B_MotorBoat
task1_test_001597.wav,A_SmallWorking
task1_test_001598.wav,A_SmallWorking
task1_test_001599.wav,A_SmallWorking
task1_test_001600.wav,B_MotorBoat
task1_test_001601.wav,D_LargeShip
task1_test_001602.wav,A_SmallWorking
task1_test_001603.wav,D_LargeShip
task1_test_001604.wav,B_MotorBoat
task1_test_001605.wav,D_LargeShip
task1_test_001606.wav,A_SmallWorking
task1_test_001607.wav,A_SmallWorking
task1_test_001608.wav,A_SmallWorking
task1_test_001609.wav,A_SmallWorking
task1_test_001610.wav,A_SmallWorking
task1_test_001611.wav,D_LargeShip
task1_test_001612.wav,A_SmallWorking
task1_test_001613.wav,A_SmallWorking
task1_test_001614.wav,D_LargeShip
task1_test_001615.wav,A_SmallWorking
task1_test_001616.wav,D_LargeShip
task1_test_001617.wav,D_LargeShip
task1_test_001618.wav,A_SmallWorking
task1_test_001619.wav,A_SmallWorking
task1_test_001620.wav,A_SmallWorking
task1_test_001621.wav,A_SmallWorking
task1_test_001622.wav,A_SmallWorking
task1_test_001623.wav,A_SmallWorking
task1_test_001624.wav,A_SmallWorking
task1_test_001625.wav,C_Passenger
task1_test_001626.wav,A_SmallWorking
task1_test_001627.wav,B_MotorBoat
task1_test_001628.wav,D_LargeShip
task1_test_001629.wav,A_SmallWorking
task1_test_001630.wav,A_SmallWorking
task1_test_001631.wav,A_SmallWorking
task1_test_001632.wav,D_LargeShip
task1_test_001633.wav,B_MotorBoat
task1_test_001634.wav,B_MotorBoat
task1_test_001635.wav,C_Passenger
task1_test_001636.wav,A_SmallWorking
task1_test_001637.wav,D_LargeShip
task1_test_001638.wav,D_LargeShip
task1_test_001639.wav,A_SmallWorking
task1_test_001640.wav,B_MotorBoat
task1_test_001641.wav,C_Passenger
task1_test_001642.wav,B_MotorBoat
task1_test_001643.wav,D_LargeShip
task1_test_001644.wav,A_SmallWorking
task1_test_001645.wav,D_LargeShip
task1_test_001646.wav,D_LargeShip
task1_test_001647.wav,D_LargeShip
task1_test_001648.wav,A_SmallWorking
task1_test_001649.wav,D_LargeShip
task1_test_001650.wav,A_SmallWorking
task1_test_001651.wav,A_SmallWorking
task1_test_001652.wav,A_SmallWorking
task1_test_001653.wav,D_LargeShip
task1_test_001654.wav,B_MotorBoat
task1_test_001655.wav,B_MotorBoat
task1_test_001656.wav,A_SmallWorking
task1_test_001657.wav,A_SmallWorking
task1_test_001658.wav,D_LargeShip
task1_test_001659.wav,B_MotorBoat
task1_test_001660.wav,B_MotorBoat
task1_test_001661.wav,C_Passenger
task1_test_001662.wav,D_LargeShip
task1_test_001663.wav,D_LargeShip
task1_test_001664.wav,A_SmallWorking
task1_test_001665.wav,B_MotorBoat
task1_test_001666.wav,A_SmallWorking
task1_test_001667.wav,A_SmallWorking
task1_test_001668.wav,A_SmallWorking
task1_test_001669.wav,C_Passenger
task1_test_001670.wav,D_LargeShip
task1_test_001671.wav,A_SmallWorking
task1_test_001672.wav,B_MotorBoat
task1_test_001673.wav,D_LargeShip
task1_test_001674.wav,D_LargeShip
task1_test_001675.wav,A_SmallWorking
task1_test_001676.wav,B_MotorBoat
task1_test_001677.wav,C_Passenger
task1_test_001678.wav,A_SmallWorking
task1_test_001679.wav,A_SmallWorking
task1_test_001680.wav,A_SmallWorking
task1_test_001681.wav,A_SmallWorking
task1_test_001682.wav,B_MotorBoat
task1_test_001683.wav,D_LargeShip
task1_test_001684.wav,A_SmallWorking
task1_test_001685.wav,B_MotorBoat
task1_test_001686.wav,A_SmallWorking
task1_test_001687.wav,D_LargeShip
task1_test_001688.wav,D_LargeShip
task1_test_001689.wav,A_SmallWorking
task1_test_001690.wav,A_SmallWorking
task1_test_001691.wav,B_MotorBoat
task1_test_001692.wav,D_LargeShip
task1_test_001693.wav,D_LargeShip
task1_test_001694.wav,A_SmallWorking
task1_test_001695.wav,D_LargeShip
task1_test_001696.wav,D_LargeShip
task1_test_001697.wav,B_MotorBoat
task1_test_001698.wav,B_MotorBoat
task1_test_001699.wav,D_LargeShip
task1_test_001700.wav,A_SmallWorking
task1_test_001701.wav,D_LargeShip
task1_test_001702.wav,B_MotorBoat
task1_test_001703.wav,D_LargeShip
task1_test_001704.wav,A_SmallWorking
task1_test_001705.wav,D_LargeShip
task1_test_001706.wav,B_MotorBoat
task1_test_001707.wav,A_SmallWorking
task1_test_001708.wav,D_LargeShip
task1_test_001709.wav,B_MotorBoat
task1_test_001710.wav,A_SmallWorking
task1_test_001711.wav,C_Passenger
task1_test_001712.wav,A_SmallWorking
task1_test_001713.wav,A_SmallWorking
task1_test_001714.wav,A_SmallWorking
task1_test_001715.wav,D_LargeShip
task1_test_001716.wav,A_SmallWorking
task1_test_001717.wav,A_SmallWorking
task1_test_001718.wav,D_LargeShip
task1_test_001719.wav,D_LargeShip
task1_test_001720.wav,C_Passenger
task1_test_001721.wav,B_MotorBoat
task1_test_001722.wav,C_Passenger
task1_test_001723.wav,D_LargeShip
task1_test_001724.wav,A_SmallWorking
task1_test_001725.wav,A_SmallWorking
task1_test_001726.wav,D_LargeShip
task1_test_001727.wav,A_SmallWorking
task1_test_001728.wav,A_SmallWorking
task1_test_001729.wav,C_Passenger
task1_test_001730.wav,A_SmallWorking
task1_test_001731.wav,B_MotorBoat
task1_test_001732.wav,D_LargeShip
task1_test_001733.wav,D_LargeShip
task1_test_001734.wav,C_Passenger
task1_test_001735.wav,A_SmallWorking
task1_test_001736.wav,A_SmallWorking
task1_test_001737.wav,A_SmallWorking
task1_test_001738.wav,D_LargeShip
task1_test_001739.wav,A_SmallWorking
task1_test_001740.wav,A_SmallWorking
task1_test_001741.wav,B_MotorBoat
task1_test_001742.wav,D_LargeShip
task1_test_001743.wav,D_LargeShip
task1_test_001744.wav,C_Passenger
task1_test_001745.wav,D_LargeShip
task1_test_001746.wav,D_LargeShip
task1_test_001747.wav,D_LargeShip
task1_test_001748.wav,D_LargeShip
task1_test_001749.wav,B_MotorBoat
task1_test_001750.wav,B_MotorBoat
task1_test_001751.wav,B_MotorBoat
task1_test_001752.wav,A_SmallWorking
task1_test_001753.wav,A_SmallWorking
task1_test_001754.wav,A_SmallWorking
task1_test_001755.wav,A_SmallWorking
task1_test_001756.wav,A_SmallWorking
task1_test_001757.wav,A_SmallWorking
task1_test_001758.wav,D_LargeShip
task1_test_001759.wav,D_LargeShip
task1_test_001760.wav,B_MotorBoat
task1_test_001761.wav,A_SmallWorking
task1_test_001762.wav,A_SmallWorking
task1_test_001763.wav,A_SmallWorking
task1_test_001764.wav,B_MotorBoat
task1_test_001765.wav,B_MotorBoat
task1_test_001766.wav,B_MotorBoat
task1_test_001767.wav,B_MotorBoat
task1_test_001768.wav,A_SmallWorking
task1_test_001769.wav,D_LargeShip
task1_test_001770.wav,B_MotorBoat
task1_test_001771.wav,B_MotorBoat
task1_test_001772.wav,B_MotorBoat
task1_test_001773.wav,A_SmallWorking
task1_test_001774.wav,B_MotorBoat
task1_test_001775.wav,B_MotorBoat
task1_test_001776.wav,A_SmallWorking
task1_test_001777.wav,B_MotorBoat
task1_test_001778.wav,D_LargeShip
task1_test_001779.wav,A_SmallWorking
task1_test_001780.wav,A_SmallWorking
task1_test_001781.wav,C_Passenger
task1_test_001782.wav,A_SmallWorking
task1_test_001783.wav,D_LargeShip
task1_test_001784.wav,C_Passenger
task1_test_001785.wav,A_SmallWorking
task1_test_001786.wav,B_MotorBoat
task1_test_001787.wav,C_Passenger
task1_test_001788.wav,D_LargeShip
task1_test_001789.wav,D_LargeShip
task1_test_001790.wav,A_SmallWorking
task1_test_001791.wav,D_LargeShip
task1_test_001792.wav,A_SmallWorking
task1_test_001793.wav,D_LargeShip
task1_test_001794.wav,B_MotorBoat
task1_test_001795.wav,D_LargeShip
task1_test_001796.wav,A_SmallWorking
task1_test_001797.wav,A_SmallWorking
task1_test_001798.wav,A_SmallWorking
task1_test_001799.wav,A_SmallWorking
task1_test_001800.wav,A_SmallWorking
task1_test_001801.wav,D_LargeShip
task1_test_001802.wav,A_SmallWorking
task1_test_001803.wav,A_SmallWorking
task1_test_001804.wav,D_LargeShip
task1_test_001805.wav,D_LargeShip
task1_test_001806.wav,C_Passenger
task1_test_001807.wav,D_LargeShip
task1_test_001808.wav,A_SmallWorking
task1_test_001809.wav,D_LargeShip
task1_test_001810.wav,A_SmallWorking
task1_test_001811.wav,C_Passenger
task1_test_001812.wav,A_SmallWorking
task1_test_001813.wav,A_SmallWorking
task1_test_001814.wav,D_LargeShip
task1_test_001815.wav,A_SmallWorking
task1_test_001816.wav,B_MotorBoat
task1_test_001817.wav,A_SmallWorking
task1_test_001818.wav,D_LargeShip
task1_test_001819.wav,C_Passenger
task1_test_001820.wav,A_SmallWorking
task1_test_001821.wav,D_LargeShip
task1_test_001822.wav,D_LargeShip
task1_test_001823.wav,D_LargeShip
task1_test_001824.wav,D_LargeShip
task1_test_001825.wav,A_SmallWorking
task1_test_001826.wav,A_SmallWorking
task1_test_001827.wav,B_MotorBoat
task1_test_001828.wav,B_MotorBoat
task1_test_001829.wav,B_MotorBoat
task1_test_001830.wav,D_LargeShip
task1_test_001831.wav,C_Passenger
task1_test_001832.wav,A_SmallWorking
task1_test_001833.wav,D_LargeShip
task1_test_001834.wav,D_LargeShip
task1_test_001835.wav,D_LargeShip
task1_test_001836.wav,B_MotorBoat
task1_test_001837.wav,A_SmallWorking
task1_test_001838.wav,B_MotorBoat
task1_test_001839.wav,B_MotorBoat
task1_test_001840.wav,C_Passenger
task1_test_001841.wav,A_SmallWorking
task1_test_001842.wav,B_MotorBoat
task1_test_001843.wav,D_LargeShip
task1_test_001844.wav,C_Passenger
task1_test_001845.wav,A_SmallWorking
task1_test_001846.wav,B_MotorBoat
task1_test_001847.wav,B_MotorBoat
task1_test_001848.wav,A_SmallWorking
task1_test_001849.wav,A_SmallWorking
task1_test_001850.wav,D_LargeShip
task1_test_001851.wav,B_MotorBoat
task1_test_001852.wav,A_SmallWorking
task1_test_001853.wav,A_SmallWorking
task1_test_001854.wav,A_SmallWorking
task1_test_001855.wav,D_LargeShip
task1_test_001856.wav,D_LargeShip
task1_test_001857.wav,A_SmallWorking
task1_test_001858.wav,D_LargeShip
task1_test_001859.wav,A_SmallWorking
task1_test_001860.wav,A_SmallWorking
task1_test_001861.wav,D_LargeShip
task1_test_001862.wav,B_MotorBoat
task1_test_001863.wav,C_Passenger
task1_test_001864.wav,A_SmallWorking
task1_test_001865.wav,B_MotorBoat
task1_test_001866.wav,A_SmallWorking
task1_test_001867.wav,B_MotorBoat
task1_test_001868.wav,A_SmallWorking
task1_test_001869.wav,A_SmallWorking
task1_test_001870.wav,D_LargeShip
task1_test_001871.wav,B_MotorBoat
task1_test_001872.wav,D_LargeShip
task1_test_001873.wav,D_LargeShip
task1_test_001874.wav,B_MotorBoat
task1_test_001875.wav,A_SmallWorking
task1_test_001876.wav,B_MotorBoat
task1_test_001877.wav,B_MotorBoat
task1_test_001878.wav,A_SmallWorking
task1_test_001879.wav,D_LargeShip
task1_test_001880.wav,A_SmallWorking
task1_test_001881.wav,D_LargeShip
task1_test_001882.wav,D_LargeShip
task1_test_001883.wav,D_LargeShip
task1_test_001884.wav,A_SmallWorking
task1_test_001885.wav,D_LargeShip
task1_test_001886.wav,A_SmallWorking
task1_test_001887.wav,C_Passenger
task1_test_001888.wav,D_LargeShip
task1_test_001889.wav,A_SmallWorking
task1_test_001890.wav,D_LargeShip
task1_test_001891.wav,A_SmallWorking
task1_test_001892.wav,A_SmallWorking
task1_test_001893.wav,A_SmallWorking
task1_test_001894.wav,A_SmallWorking
task1_test_001895.wav,A_SmallWorking
task1_test_001896.wav,D_LargeShip
task1_test_001897.wav,A_SmallWorking
task1_test_001898.wav,A_SmallWorking
task1_test_001899.wav,A_SmallWorking
task1_test_001900.wav,A_SmallWorking
task1_test_001901.wav,B_MotorBoat
task1_test_001902.wav,D_LargeShip
task1_test_001903.wav,C_Passenger
task1_test_001904.wav,D_LargeShip
task1_test_001905.wav,B_MotorBoat
task1_test_001906.wav,B_MotorBoat
task1_test_001907.wav,A_SmallWorking
task1_test_001908.wav,A_SmallWorking
task1_test_001909.wav,A_SmallWorking
task1_test_001910.wav,A_SmallWorking
task1_test_001911.wav,B_MotorBoat
task1_test_001912.wav,D_LargeShip
task1_test_001913.wav,D_LargeShip
task1_test_001914.wav,C_Passenger
task1_test_001915.wav,A_SmallWorking
task1_test_001916.wav,D_LargeShip
task1_test_001917.wav,B_MotorBoat
task1_test_001918.wav,D_LargeShip
task1_test_001919.wav,C_Passenger
task1_test_001920.wav,D_LargeShip
task1_test_001921.wav,A_SmallWorking
task1_test_001922.wav,D_LargeShip
task1_test_001923.wav,D_LargeShip
task1_test_001924.wav,A_SmallWorking
task1_test_001925.wav,A_SmallWorking
task1_test_001926.wav,A_SmallWorking
task1_test_001927.wav,B_MotorBoat
task1_test_001928.wav,B_MotorBoat
task1_test_001929.wav,B_MotorBoat
task1_test_001930.wav,B_MotorBoat
task1_test_001931.wav,A_SmallWorking
task1_test_001932.wav,D_LargeShip
task1_test_001933.wav,A_SmallWorking
task1_test_001934.wav,D_LargeShip
task1_test_001935.wav,B_MotorBoat
task1_test_001936.wav,D_LargeShip
task1_test_001937.wav,A_SmallWorking
task1_test_001938.wav,B_MotorBoat
task1_test_001939.wav,D_LargeShip
task1_test_001940.wav,B_MotorBoat
task1_test_001941.wav,B_MotorBoat
task1_test_001942.wav,D_LargeShip
task1_test_001943.wav,A_SmallWorking
task1_test_001944.wav,A_SmallWorking
task1_test_001945.wav,A_SmallWorking
task1_test_001946.wav,C_Passenger
task1_test_001947.wav,D_LargeShip
task1_test_001948.wav,B_MotorBoat
task1_test_001949.wav,D_LargeShip
task1_test_001950.wav,D_LargeShip
task1_test_001951.wav,D_LargeShip
task1_test_001952.wav,D_LargeShip
task1_test_001953.wav,A_SmallWorking
task1_test_001954.wav,A_SmallWorking
task1_test_001955.wav,D_LargeShip
task1_test_001956.wav,A_SmallWorking
task1_test_001957.wav,B_MotorBoat
task1_test_001958.wav,B_MotorBoat
task1_test_001959.wav,A_SmallWorking
task1_test_001960.wav,B_MotorBoat
task1_test_001961.wav,D_LargeShip
task1_test_001962.wav,B_MotorBoat
task1_test_001963.wav,C_Passenger
task1_test_001964.wav,D_LargeShip
task1_test_001965.wav,A_SmallWorking
task1_test_001966.wav,A_SmallWorking
task1_test_001967.wav,A_SmallWorking
task1_test_001968.wav,A_SmallWorking
task1_test_001969.wav,D_LargeShip
task1_test_001970.wav,A_SmallWorking
task1_test_001971.wav,B_MotorBoat
task1_test_001972.wav,B_MotorBoat
task1_test_001973.wav,D_LargeShip
task1_test_001974.wav,A_SmallWorking
task1_test_001975.wav,A_SmallWorking
task1_test_001976.wav,A_SmallWorking
task1_test_001977.wav,A_SmallWorking
task1_test_001978.wav,B_MotorBoat
task1_test_001979.wav,D_LargeShip
task1_test_001980.wav,D_LargeShip
task1_test_001981.wav,B_MotorBoat
task1_test_001982.wav,A_SmallWorking
task1_test_001983.wav,A_SmallWorking
task1_test_001984.wav,D_LargeShip
task1_test_001985.wav,D_LargeShip
task1_test_001986.wav,B_MotorBoat
task1_test_001987.wav,A_SmallWorking
task1_test_001988.wav,D_LargeShip
task1_test_001989.wav,B_MotorBoat
task1_test_001990.wav,A_SmallWorking
task1_test_001991.wav,D_LargeShip
task1_test_001992.wav,A_SmallWorking
task1_test_001993.wav,D_LargeShip
task1_test_001994.wav,B_MotorBoat
task1_test_001995.wav,D_LargeShip
task1_test_001996.wav,A_SmallWorking
task1_test_001997.wav,C_Passenger
task1_test_001998.wav,B_MotorBoat
task1_test_001999.wav,B_MotorBoat
task1_test_002000.wav,D_LargeShip
task1_test_002001.wav,D_LargeShip
task1_test_002002.wav,A_SmallWorking
task1_test_002003.wav,A_SmallWorking
task1_test_002004.wav,A_SmallWorking
task1_test_002005.wav,A_SmallWorking
task1_test_002006.wav,D_LargeShip
task1_test_002007.wav,A_SmallWorking
task1_test_002008.wav,B_MotorBoat
task1_test_002009.wav,B_MotorBoat
task1_test_002010.wav,D_LargeShip
task1_test_002011.wav,A_SmallWorking
task1_test_002012.wav,A_SmallWorking
task1_test_002013.wav,A_SmallWorking
task1_test_002014.wav,A_SmallWorking
task1_test_002015.wav,B_MotorBoat
task1_test_002016.wav,A_SmallWorking
task1_test_002017.wav,A_SmallWorking
task1_test_002018.wav,A_SmallWorking
task1_test_002019.wav,A_SmallWorking
task1_test_002020.wav,D_LargeShip
task1_test_002021.wav,B_MotorBoat
task1_test_002022.wav,A_SmallWorking
task1_test_002023.wav,D_LargeShip
task1_test_002024.wav,D_LargeShip
task1_test_002025.wav,A_SmallWorking
task1_test_002026.wav,D_LargeShip
task1_test_002027.wav,A_SmallWorking
task1_test_002028.wav,D_LargeShip
task1_test_002029.wav,A_SmallWorking
task1_test_002030.wav,A_SmallWorking
task1_test_002031.wav,A_SmallWorking
task1_test_002032.wav,A_SmallWorking
task1_test_002033.wav,A_SmallWorking
task1_test_002034.wav,D_LargeShip
task1_test_002035.wav,D_LargeShip
task1_test_002036.wav,A_SmallWorking
task1_test_002037.wav,A_SmallWorking
task1_test_002038.wav,A_SmallWorking
task1_test_002039.wav,D_LargeShip
task1_test_002040.wav,D_LargeShip
task1_test_002041.wav,A_SmallWorking
task1_test_002042.wav,A_SmallWorking
task1_test_002043.wav,D_LargeShip
task1_test_002044.wav,D_LargeShip
task1_test_002045.wav,D_LargeShip
task1_test_002046.wav,A_SmallWorking
task1_test_002047.wav,D_LargeShip
task1_test_002048.wav,A_SmallWorking
task1_test_002049.wav,A_SmallWorking
task1_test_002050.wav,D_LargeShip
task1_test_002051.wav,D_LargeShip
task1_test_002052.wav,C_Passenger
task1_test_002053.wav,B_MotorBoat
task1_test_002054.wav,D_LargeShip
task1_test_002055.wav,C_Passenger
task1_test_002056.wav,A_SmallWorking
task1_test_002057.wav,A_SmallWorking
task1_test_002058.wav,D_LargeShip
task1_test_002059.wav,D_LargeShip
task1_test_002060.wav,D_LargeShip
task1_test_002061.wav,A_SmallWorking
task1_test_002062.wav,C_Passenger
task1_test_002063.wav,D_LargeShip
task1_test_002064.wav,C_Passenger
task1_test_002065.wav,B_MotorBoat
task1_test_002066.wav,B_MotorBoat
task1_test_002067.wav,B_MotorBoat
task1_test_002068.wav,A_SmallWorking
task1_test_002069.wav,C_Passenger
task1_test_002070.wav,B_MotorBoat
task1_test_002071.wav,D_LargeShip
task1_test_002072.wav,C_Passenger
task1_test_002073.wav,D_LargeShip
task1_test_002074.wav,B_MotorBoat
task1_test_002075.wav,A_SmallWorking
task1_test_002076.wav,C_Passenger
task1_test_002077.wav,B_MotorBoat
task1_test_002078.wav,A_SmallWorking
task1_test_002079.wav,D_LargeShip
task1_test_002080.wav,A_SmallWorking
task1_test_002081.wav,D_LargeShip
task1_test_002082.wav,D_LargeShip
task1_test_002083.wav,B_MotorBoat
task1_test_002084.wav,D_LargeShip
task1_test_002085.wav,B_MotorBoat
task1_test_002086.wav,D_LargeShip
task1_test_002087.wav,B_MotorBoat
task1_test_002088.wav,C_Passenger
task1_test_002089.wav,D_LargeShip
task1_test_002090.wav,A_SmallWorking
task1_test_002091.wav,A_SmallWorking
task1_test_002092.wav,A_SmallWorking
task1_test_002093.wav,C_Passenger
task1_test_002094.wav,D_LargeShip
task1_test_002095.wav,B_MotorBoat
task1_test_002096.wav,D_LargeShip
task1_test_002097.wav,D_LargeShip
task1_test_002098.wav,A_SmallWorking
task1_test_002099.wav,C_Passenger
task1_test_002100.wav,D_LargeShip
task1_test_002101.wav,A_SmallWorking
task1_test_002102.wav,C_Passenger
task1_test_002103.wav,B_MotorBoat
task1_test_002104.wav,A_SmallWorking
task1_test_002105.wav,B_MotorBoat
task1_test_002106.wav,C_Passenger
task1_test_002107.wav,A_SmallWorking
task1_test_002108.wav,C_Passenger
task1_test_002109.wav,A_SmallWorking
task1_test_002110.wav,A_SmallWorking
task1_test_002111.wav,A_SmallWorking
task1_test_002112.wav,B_MotorBoat
task1_test_002113.wav,A_SmallWorking
task1_test_002114.wav,A_SmallWorking
task1_test_002115.wav,C_Passenger
task1_test_002116.wav,A_SmallWorking
task1_test_002117.wav,D_LargeShip
task1_test_002118.wav,A_SmallWorking
task1_test_002119.wav,A_SmallWorking
task1_test_002120.wav,A_SmallWorking
task1_test_002121.wav,B_MotorBoat
task1_test_002122.wav,A_SmallWorking
task1_test_002123.wav,A_SmallWorking
task1_test_002124.wav,A_SmallWorking
task1_test_002125.wav,B_MotorBoat
task1_test_002126.wav,D_LargeShip
task1_test_002127.wav,D_LargeShip
task1_test_002128.wav,A_SmallWorking
task1_test_002129.wav,A_SmallWorking
task1_test_002130.wav,A_SmallWorking
task1_test_002131.wav,C_Passenger
task1_test_002132.wav,B_MotorBoat
task1_test_002133.wav,B_MotorBoat
task1_test_002134.wav,D_LargeShip
task1_test_002135.wav,D_LargeShip
task1_test_002136.wav,A_SmallWorking
task1_test_002137.wav,C_Passenger
task1_test_002138.wav,B_MotorBoat
task1_test_002139.wav,A_SmallWorking
task1_test_002140.wav,C_Passenger
task1_test_002141.wav,B_MotorBoat
task1_test_002142.wav,C_Passenger
task1_test_002143.wav,C_Passenger
task1_test_002144.wav,A_SmallWorking
task1_test_002145.wav,A_SmallWorking
task1_test_002146.wav,A_SmallWorking
task1_test_002147.wav,A_SmallWorking
task1_test_002148.wav,D_LargeShip
task1_test_002149.wav,A_SmallWorking
task1_test_002150.wav,C_Passenger
task1_test_002151.wav,B_MotorBoat
task1_test_002152.wav,B_MotorBoat
task1_test_002153.wav,D_LargeShip
task1_test_002154.wav,A_SmallWorking
task1_test_002155.wav,A_SmallWorking
task1_test_002156.wav,A_SmallWorking
task1_test_002157.wav,C_Passenger
task1_test_002158.wav,D_LargeShip
task1_test_002159.wav,B_MotorBoat
task1_test_002160.wav,A_SmallWorking
task1_test_002161.wav,B_MotorBoat
task1_test_002162.wav,D_LargeShip
task1_test_002163.wav,D_LargeShip
task1_test_002164.wav,C_Passenger
task1_test_002165.wav,B_MotorBoat
task1_test_002166.wav,B_MotorBoat
task1_test_002167.wav,A_SmallWorking
task1_test_002168.wav,D_LargeShip
task1_test_002169.wav,A_SmallWorking
task1_test_002170.wav,A_SmallWorking
task1_test_002171.wav,D_LargeShip
task1_test_002172.wav,A_SmallWorking
task1_test_002173.wav,B_MotorBoat
task1_test_002174.wav,A_SmallWorking
task1_test_002175.wav,A_SmallWorking
task1_test_002176.wav,A_SmallWorking
task1_test_002177.wav,D_LargeShip
task1_test_002178.wav,D_LargeShip
task1_test_002179.wav,A_SmallWorking
task1_test_002180.wav,A_SmallWorking
task1_test_002181.wav,D_LargeShip
task1_test_002182.wav,A_SmallWorking
task1_test_002183.wav,A_SmallWorking
task1_test_002184.wav,D_LargeShip
task1_test_002185.wav,A_SmallWorking
task1_test_002186.wav,A_SmallWorking
task1_test_002187.wav,B_MotorBoat
task1_test_002188.wav,A_SmallWorking
task1_test_002189.wav,A_SmallWorking
task1_test_002190.wav,A_SmallWorking
task1_test_002191.wav,D_LargeShip
task1_test_002192.wav,A_SmallWorking
task1_test_002193.wav,C_Passenger
task1_test_002194.wav,D_LargeShip
task1_test_002195.wav,A_SmallWorking
task1_test_002196.wav,A_SmallWorking
task1_test_002197.wav,B_MotorBoat
task1_test_002198.wav,A_SmallWorking
task1_test_002199.wav,D_LargeShip
task1_test_002200.wav,A_SmallWorking
task1_test_002201.wav,D_LargeShip
task1_test_002202.wav,A_SmallWorking
task1_test_002203.wav,D_LargeShip
task1_test_002204.wav,A_SmallWorking
task1_test_002205.wav,A_SmallWorking
task1_test_002206.wav,A_SmallWorking
task1_test_002207.wav,A_SmallWorking
task1_test_002208.wav,D_LargeShip
task1_test_002209.wav,C_Passenger
task1_test_002210.wav,D_LargeShip
task1_test_002211.wav,B_MotorBoat
task1_test_002212.wav,B_MotorBoat
task1_test_002213.wav,A_SmallWorking
task1_test_002214.wav,D_LargeShip
task1_test_002215.wav,A_SmallWorking
task1_test_002216.wav,D_LargeShip
task1_test_002217.wav,C_Passenger
task1_test_002218.wav,A_SmallWorking
task1_test_002219.wav,D_LargeShip
task1_test_002220.wav,D_LargeShip
task1_test_002221.wav,A_SmallWorking
task1_test_002222.wav,D_LargeShip
task1_test_002223.wav,D_LargeShip
task1_test_002224.wav,A_SmallWorking
task1_test_002225.wav,D_LargeShip
task1_test_002226.wav,B_MotorBoat
task1_test_002227.wav,B_MotorBoat
task1_test_002228.wav,B_MotorBoat
task1_test_002229.wav,D_LargeShip
task1_test_002230.wav,A_SmallWorking
task1_test_002231.wav,D_LargeShip
task1_test_002232.wav,A_SmallWorking
task1_test_002233.wav,B_MotorBoat
task1_test_002234.wav,B_MotorBoat
task1_test_002235.wav,A_SmallWorking
task1_test_002236.wav,A_SmallWorking
task1_test_002237.wav,A_SmallWorking
task1_test_002238.wav,A_SmallWorking
task1_test_002239.wav,B_MotorBoat
task1_test_002240.wav,D_LargeShip
task1_test_002241.wav,D_LargeShip
task1_test_002242.wav,D_LargeShip
task1_test_002243.wav,D_LargeShip
task1_test_002244.wav,C_Passenger
task1_test_002245.wav,D_LargeShip
task1_test_002246.wav,A_SmallWorking
task1_test_002247.wav,A_SmallWorking
task1_test_002248.wav,B_MotorBoat
task1_test_002249.wav,D_LargeShip
task1_test_002250.wav,D_LargeShip
task1_test_002251.wav,A_SmallWorking
task1_test_002252.wav,D_LargeShip
task1_test_002253.wav,C_Passenger
task1_test_002254.wav,D_LargeShip
task1_test_002255.wav,A_SmallWorking
task1_test_002256.wav,C_Passenger
task1_test_002257.wav,A_SmallWorking
task1_test_002258.wav,B_MotorBoat
task1_test_002259.wav,B_MotorBoat
task1_test_002260.wav,A_SmallWorking
task1_test_002261.wav,B_MotorBoat
task1_test_002262.wav,C_Passenger
task1_test_002263.wav,A_SmallWorking
task1_test_002264.wav,A_SmallWorking
task1_test_002265.wav,A_SmallWorking
task1_test_002266.wav,D_LargeShip
task1_test_002267.wav,A_SmallWorking
task1_test_002268.wav,C_Passenger
task1_test_002269.wav,D_LargeShip
task1_test_002270.wav,D_LargeShip
task1_test_002271.wav,B_MotorBoat
task1_test_002272.wav,A_SmallWorking
task1_test_002273.wav,A_SmallWorking
task1_test_002274.wav,B_MotorBoat
task1_test_002275.wav,A_SmallWorking
task1_test_002276.wav,A_SmallWorking
task1_test_002277.wav,A_SmallWorking
task1_test_002278.wav,A_SmallWorking
task1_test_002279.wav,B_MotorBoat
task1_test_002280.wav,B_MotorBoat
task1_test_002281.wav,D_LargeShip
task1_test_002282.wav,C_Passenger
task1_test_002283.wav,D_LargeShip
task1_test_002284.wav,B_MotorBoat
task1_test_002285.wav,B_MotorBoat
task1_test_002286.wav,A_SmallWorking
task1_test_002287.wav,A_SmallWorking
task1_test_002288.wav,B_MotorBoat
task1_test_002289.wav,A_SmallWorking
task1_test_002290.wav,A_SmallWorking
task1_test_002291.wav,A_SmallWorking
task1_test_002292.wav,A_SmallWorking
task1_test_002293.wav,C_Passenger
task1_test_002294.wav,D_LargeShip
task1_test_002295.wav,A_SmallWorking
task1_test_002296.wav,A_SmallWorking
task1_test_002297.wav,A_SmallWorking
task1_test_002298.wav,A_SmallWorking
task1_test_002299.wav,B_MotorBoat
task1_test_002300.wav,A_SmallWorking
task1_test_002301.wav,A_SmallWorking
task1_test_002302.wav,A_SmallWorking
task1_test_002303.wav,D_LargeShip
task1_test_002304.wav,A_SmallWorking
task1_test_002305.wav,C_Passenger
task1_test_002306.wav,D_LargeShip
task1_test_002307.wav,A_SmallWorking
task1_test_002308.wav,A_SmallWorking
task1_test_002309.wav,B_MotorBoat
task1_test_002310.wav,B_MotorBoat
task1_test_002311.wav,B_MotorBoat
task1_test_002312.wav,A_SmallWorking
task1_test_002313.wav,A_SmallWorking
task1_test_002314.wav,A_SmallWorking
task1_test_002315.wav,A_SmallWorking
task1_test_002316.wav,D_LargeShip
task1_test_002317.wav,D_LargeShip
task1_test_002318.wav,A_SmallWorking
task1_test_002319.wav,B_MotorBoat
task1_test_002320.wav,D_LargeShip
task1_test_002321.wav,B_MotorBoat
task1_test_002322.wav,D_LargeShip
task1_test_002323.wav,D_LargeShip
task1_test_002324.wav,A_SmallWorking
task1_test_002325.wav,A_SmallWorking
task1_test_002326.wav,B_MotorBoat
task1_test_002327.wav,B_MotorBoat
task1_test_002328.wav,D_LargeShip
task1_test_002329.wav,D_LargeShip
task1_test_002330.wav,C_Passenger
task1_test_002331.wav,D_LargeShip
task1_test_002332.wav,A_SmallWorking
task1_test_002333.wav,A_SmallWorking
task1_test_002334.wav,A_SmallWorking
task1_test_002335.wav,A_SmallWorking
task1_test_002336.wav,D_LargeShip
task1_test_002337.wav,B_MotorBoat
task1_test_002338.wav,B_MotorBoat
task1_test_002339.wav,D_LargeShip
task1_test_002340.wav,B_MotorBoat
task1_test_002341.wav,D_LargeShip
task1_test_002342.wav,D_LargeShip
task1_test_002343.wav,D_LargeShip
task1_test_002344.wav,C_Passenger
task1_test_002345.wav,B_MotorBoat
task1_test_002346.wav,A_SmallWorking
task1_test_002347.wav,A_SmallWorking
task1_test_002348.wav,D_LargeShip
task1_test_002349.wav,D_LargeShip
task1_test_002350.wav,C_Passenger
task1_test_002351.wav,B_MotorBoat
task1_test_002352.wav,A_SmallWorking
task1_test_002353.wav,A_SmallWorking
task1_test_002354.wav,A_SmallWorking
task1_test_002355.wav,A_SmallWorking
task1_test_002356.wav,B_MotorBoat
task1_test_002357.wav,D_LargeShip
task1_test_002358.wav,B_MotorBoat
task1_test_002359.wav,B_MotorBoat
task1_test_002360.wav,B_MotorBoat
task1_test_002361.wav,A_SmallWorking
task1_test_002362.wav,D_LargeShip
task1_test_002363.wav,D_LargeShip
task1_test_002364.wav,A_SmallWorking
task1_test_002365.wav,A_SmallWorking
task1_test_002366.wav,A_SmallWorking
task1_test_002367.wav,D_LargeShip
task1_test_002368.wav,B_MotorBoat
task1_test_002369.wav,B_MotorBoat
task1_test_002370.wav,A_SmallWorking
task1_test_002371.wav,B_MotorBoat
task1_test_002372.wav,A_SmallWorking
task1_test_002373.wav,B_MotorBoat
task1_test_002374.wav,D_LargeShip
task1_test_002375.wav,A_SmallWorking
task1_test_002376.wav,D_LargeShip
task1_test_002377.wav,A_SmallWorking
task1_test_002378.wav,D_LargeShip
task1_test_002379.wav,C_Passenger
task1_test_002380.wav,A_SmallWorking
task1_test_002381.wav,D_LargeShip
task1_test_002382.wav,A_SmallWorking
task1_test_002383.wav,A_SmallWorking
task1_test_002384.wav,B_MotorBoat
task1_test_002385.wav,D_LargeShip
task1_test_002386.wav,D_LargeShip
task1_test_002387.wav,C_Passenger
task1_test_002388.wav,C_Passenger
task1_test_002389.wav,C_Passenger
task1_test_002390.wav,B_MotorBoat
task1_test_002391.wav,B_MotorBoat
task1_test_002392.wav,B_MotorBoat
task1_test_002393.wav,A_SmallWorking
task1_test_002394.wav,A_SmallWorking
task1_test_002395.wav,A_SmallWorking
task1_test_002396.wav,A_SmallWorking
task1_test_002397.wav,C_Passenger
task1_test_002398.wav,C_Passenger
task1_test_002399.wav,A_SmallWorking
task1_test_002400.wav,D_LargeShip
task1_test_002401.wav,D_LargeShip
task1_test_002402.wav,A_SmallWorking
task1_test_002403.wav,A_SmallWorking
task1_test_002404.wav,A_SmallWorking
task1_test_002405.wav,B_MotorBoat
task1_test_002406.wav,C_Passenger
task1_test_002407.wav,B_MotorBoat
task1_test_002408.wav,A_SmallWorking
task1_test_002409.wav,A_SmallWorking
task1_test_002410.wav,A_SmallWorking
task1_test_002411.wav,D_LargeShip
task1_test_002412.wav,A_SmallWorking
task1_test_002413.wav,C_Passenger
task1_test_002414.wav,B_MotorBoat
task1_test_002415.wav,A_SmallWorking
task1_test_002416.wav,A_SmallWorking
task1_test_002417.wav,B_MotorBoat
task1_test_002418.wav,A_SmallWorking
task1_test_002419.wav,A_SmallWorking
task1_test_002420.wav,A_SmallWorking
task1_test_002421.wav,D_LargeShip
task1_test_002422.wav,A_SmallWorking
task1_test_002423.wav,D_LargeShip
task1_test_002424.wav,A_SmallWorking
task1_test_002425.wav,B_MotorBoat
task1_test_002426.wav,D_LargeShip
task1_test_002427.wav,A_SmallWorking
task1_test_002428.wav,A_SmallWorking
task1_test_002429.wav,A_SmallWorking
task1_test_002430.wav,A_SmallWorking
task1_test_002431.wav,A_SmallWorking
task1_test_002432.wav,A_SmallWorking
task1_test_002433.wav,B_MotorBoat
task1_test_002434.wav,D_LargeShip
task1_test_002435.wav,A_SmallWorking
task1_test_002436.wav,A_SmallWorking
task1_test_002437.wav,C_Passenger
task1_test_002438.wav,A_SmallWorking
task1_test_002439.wav,A_SmallWorking
task1_test_002440.wav,B_MotorBoat
task1_test_002441.wav,A_SmallWorking
task1_test_002442.wav,D_LargeShip
task1_test_002443.wav,A_SmallWorking
task1_test_002444.wav,D_LargeShip
task1_test_002445.wav,A_SmallWorking
task1_test_002446.wav,D_LargeShip
task1_test_002447.wav,D_LargeShip
task1_test_002448.wav,D_LargeShip
task1_test_002449.wav,D_LargeShip
task1_test_002450.wav,A_SmallWorking
task1_test_002451.wav,B_MotorBoat
task1_test_002452.wav,A_SmallWorking
task1_test_002453.wav,A_SmallWorking
task1_test_002454.wav,A_SmallWorking
task1_test_002455.wav,B_MotorBoat
task1_test_002456.wav,A_SmallWorking
task1_test_002457.wav,A_SmallWorking
task1_test_002458.wav,B_MotorBoat
task1_test_002459.wav,A_SmallWorking
task1_test_002460.wav,D_LargeShip
task1_test_002461.wav,D_LargeShip
task1_test_002462.wav,A_SmallWorking
task1_test_002463.wav,B_MotorBoat
task1_test_002464.wav,A_SmallWorking
task1_test_002465.wav,D_LargeShip
task1_test_002466.wav,D_LargeShip
task1_test_002467.wav,D_LargeShip
task1_test_002468.wav,A_SmallWorking
task1_test_002469.wav,A_SmallWorking
task1_test_002470.wav,B_MotorBoat
task1_test_002471.wav,A_SmallWorking
task1_test_002472.wav,C_Passenger
task1_test_002473.wav,B_MotorBoat
task1_test_002474.wav,A_SmallWorking
task1_test_002475.wav,B_MotorBoat
task1_test_002476.wav,B_MotorBoat
task1_test_002477.wav,A_SmallWorking
task1_test_002478.wav,C_Passenger
task1_test_002479.wav,D_LargeShip
task1_test_002480.wav,C_Passenger
task1_test_002481.wav,A_SmallWorking
task1_test_002482.wav,A_SmallWorking
task1_test_002483.wav,A_SmallWorking
task1_test_002484.wav,B_MotorBoat
task1_test_002485.wav,C_Passenger
task1_test_002486.wav,A_SmallWorking
task1_test_002487.wav,D_LargeShip
task1_test_002488.wav,D_LargeShip
task1_test_002489.wav,A_SmallWorking
task1_test_002490.wav,B_MotorBoat
task1_test_002491.wav,A_SmallWorking
task1_test_002492.wav,D_LargeShip
task1_test_002493.wav,A_SmallWorking
task1_test_002494.wav,A_SmallWorking
task1_test_002495.wav,D_LargeShip
task1_test_002496.wav,A_SmallWorking
task1_test_002497.wav,A_SmallWorking
task1_test_002498.wav,D_LargeShip
task1_test_002499.wav,B_MotorBoat
task1_test_002500.wav,D_LargeShip
task1_test_002501.wav,A_SmallWorking
task1_test_002502.wav,C_Passenger
task1_test_002503.wav,A_SmallWorking
task1_test_002504.wav,A_SmallWorking
task1_test_002505.wav,A_SmallWorking
task1_test_002506.wav,D_LargeShip
task1_test_002507.wav,B_MotorBoat
task1_test_002508.wav,D_LargeShip
task1_test_002509.wav,A_SmallWorking
task1_test_002510.wav,A_SmallWorking
task1_test_002511.wav,D_LargeShip
task1_test_002512.wav,B_MotorBoat
task1_test_002513.wav,A_SmallWorking
task1_test_002514.wav,D_LargeShip
task1_test_002515.wav,B_MotorBoat
task1_test_002516.wav,B_MotorBoat
task1_test_002517.wav,A_SmallWorking
task1_test_002518.wav,A_SmallWorking
task1_test_002519.wav,A_SmallWorking
task1_test_002520.wav,B_MotorBoat
task1_test_002521.wav,D_LargeShip
task1_test_002522.wav,B_MotorBoat
task1_test_002523.wav,A_SmallWorking
task1_test_002524.wav,A_SmallWorking
task1_test_002525.wav,C_Passenger
task1_test_002526.wav,A_SmallWorking
task1_test_002527.wav,D_LargeShip
task1_test_002528.wav,A_SmallWorking
task1_test_002529.wav,A_SmallWorking
task1_test_002530.wav,A_SmallWorking
task1_test_002531.wav,B_MotorBoat
task1_test_002532.wav,A_SmallWorking
task1_test_002533.wav,C_Passenger
task1_test_002534.wav,A_SmallWorking
task1_test_002535.wav,A_SmallWorking
task1_test_002536.wav,A_SmallWorking
task1_test_002537.wav,B_MotorBoat
task1_test_002538.wav,C_Passenger
task1_test_002539.wav,A_SmallWorking
task1_test_002540.wav,A_SmallWorking
task1_test_002541.wav,C_Passenger
task1_test_002542.wav,D_LargeShip
task1_test_002543.wav,A_SmallWorking
task1_test_002544.wav,A_SmallWorking
task1_test_002545.wav,D_LargeShip
task1_test_002546.wav,A_SmallWorking
task1_test_002547.wav,A_SmallWorking
task1_test_002548.wav,B_MotorBoat
task1_test_002549.wav,A_SmallWorking
task1_test_002550.wav,A_SmallWorking
task1_test_002551.wav,B_MotorBoat
task1_test_002552.wav,A_SmallWorking
task1_test_002553.wav,D_LargeShip
task1_test_002554.wav,D_LargeShip
task1_test_002555.wav,A_SmallWorking
task1_test_002556.wav,A_SmallWorking
task1_test_002557.wav,A_SmallWorking
task1_test_002558.wav,C_Passenger
task1_test_002559.wav,A_SmallWorking
task1_test_002560.wav,A_SmallWorking
task1_test_002561.wav,B_MotorBoat
task1_test_002562.wav,B_MotorBoat
task1_test_002563.wav,B_MotorBoat
task1_test_002564.wav,D_LargeShip
task1_test_002565.wav,A_SmallWorking
task1_test_002566.wav,A_SmallWorking
task1_test_002567.wav,B_MotorBoat
task1_test_002568.wav,A_SmallWorking
task1_test_002569.wav,D_LargeShip
task1_test_002570.wav,D_LargeShip
task1_test_002571.wav,B_MotorBoat
task1_test_002572.wav,A_SmallWorking
task1_test_002573.wav,A_SmallWorking
task1_test_002574.wav,A_SmallWorking
task1_test_002575.wav,A_SmallWorking
task1_test_002576.wav,A_SmallWorking
task1_test_002577.wav,A_SmallWorking
task1_test_002578.wav,A_SmallWorking
task1_test_002579.wav,B_MotorBoat
task1_test_002580.wav,A_SmallWorking
task1_test_002581.wav,A_SmallWorking
task1_test_002582.wav,D_LargeShip
task1_test_002583.wav,B_MotorBoat
task1_test_002584.wav,A_SmallWorking
task1_test_002585.wav,D_LargeShip
task1_test_002586.wav,B_MotorBoat
task1_test_002587.wav,A_SmallWorking
task1_test_002588.wav,A_SmallWorking
task1_test_002589.wav,A_SmallWorking
task1_test_002590.wav,A_SmallWorking
task1_test_002591.wav,A_SmallWorking
task1_test_002592.wav,A_SmallWorking
task1_test_002593.wav,A_SmallWorking
task1_test_002594.wav,B_MotorBoat
task1_test_002595.wav,D_LargeShip
task1_test_002596.wav,D_LargeShip
task1_test_002597.wav,A_SmallWorking
task1_test_002598.wav,D_LargeShip
task1_test_002599.wav,B_MotorBoat
task1_test_002600.wav,A_SmallWorking
task1_test_002601.wav,A_SmallWorking
task1_test_002602.wav,A_SmallWorking
task1_test_002603.wav,D_LargeShip
task1_test_002604.wav,D_LargeShip
task1_test_002605.wav,A_SmallWorking
task1_test_002606.wav,C_Passenger
task1_test_002607.wav,A_SmallWorking
task1_test_002608.wav,B_MotorBoat
task1_test_002609.wav,A_SmallWorking
task1_test_002610.wav,A_SmallWorking
task1_test_002611.wav,A_SmallWorking
task1_test_002612.wav,B_MotorBoat
task1_test_002613.wav,D_LargeShip
task1_test_002614.wav,B_MotorBoat
task1_test_002615.wav,A_SmallWorking
task1_test_002616.wav,D_LargeShip
task1_test_002617.wav,A_SmallWorking
task1_test_002618.wav,A_SmallWorking
task1_test_002619.wav,A_SmallWorking
task1_test_002620.wav,A_SmallWorking
task1_test_002621.wav,A_SmallWorking
task1_test_002622.wav,A_SmallWorking
task1_test_002623.wav,A_SmallWorking
task1_test_002624.wav,A_SmallWorking
task1_test_002625.wav,A_SmallWorking
task1_test_002626.wav,B_MotorBoat
task1_test_002627.wav,C_Passenger
task1_test_002628.wav,B_MotorBoat
task1_test_002629.wav,D_LargeShip
task1_test_002630.wav,A_SmallWorking
task1_test_002631.wav,A_SmallWorking
task1_test_002632.wav,B_MotorBoat
task1_test_002633.wav,D_LargeShip
task1_test_002634.wav,A_SmallWorking
task1_test_002635.wav,B_MotorBoat
task1_test_002636.wav,A_SmallWorking
task1_test_002637.wav,A_SmallWorking
task1_test_002638.wav,C_Passenger
task1_test_002639.wav,A_SmallWorking
task1_test_002640.wav,B_MotorBoat
task1_test_002641.wav,D_LargeShip
task1_test_002642.wav,A_SmallWorking
task1_test_002643.wav,A_SmallWorking
task1_test_002644.wav,D_LargeShip
task1_test_002645.wav,A_SmallWorking
task1_test_002646.wav,A_SmallWorking
task1_test_002647.wav,B_MotorBoat
task1_test_002648.wav,A_SmallWorking
task1_test_002649.wav,A_SmallWorking
task1_test_002650.wav,B_MotorBoat
task1_test_002651.wav,B_MotorBoat
task1_test_002652.wav,C_Passenger
task1_test_002653.wav,A_SmallWorking
task1_test_002654.wav,A_SmallWorking
task1_test_002655.wav,B_MotorBoat
task1_test_002656.wav,D_LargeShip
task1_test_002657.wav,A_SmallWorking
task1_test_002658.wav,A_SmallWorking
task1_test_002659.wav,A_SmallWorking
task1_test_002660.wav,A_SmallWorking
task1_test_002661.wav,A_SmallWorking
task1_test_002662.wav,A_SmallWorking
task1_test_002663.wav,A_SmallWorking
task1_test_002664.wav,B_MotorBoat
task1_test_002665.wav,D_LargeShip
task1_test_002666.wav,B_MotorBoat
task1_test_002667.wav,A_SmallWorking
task1_test_002668.wav,A_SmallWorking
task1_test_002669.wav,C_Passenger
