filename,top5_ship_ids
task2_test_000001.wav,"3,7,11,13,14"
task2_test_000002.wav,"3,7,11,13,14"
task2_test_000003.wav,"3,7,11,13,14"
task2_test_000004.wav,"3,7,11,13,14"
task2_test_000005.wav,"3,7,11,13,14"
task2_test_000006.wav,"3,7,11,13,14"
task2_test_000007.wav,"3,7,11,13,14"
task2_test_000008.wav,"3,7,11,13,14"
task2_test_000009.wav,"3,7,11,13,14"
task2_test_000010.wav,"3,7,11,13,14"
task2_test_000011.wav,"3,7,11,13,14"
task2_test_000012.wav,"3,7,11,13,14"
task2_test_000013.wav,"3,7,11,13,14"
task2_test_000014.wav,"3,7,11,13,14"
task2_test_000015.wav,"3,7,11,13,14"
task2_test_000016.wav,"3,7,11,13,14"
task2_test_000017.wav,"3,7,11,13,14"
task2_test_000018.wav,"3,7,11,13,14"
task2_test_000019.wav,"3,7,11,13,14"
task2_test_000020.wav,"3,7,11,13,14"
task2_test_000021.wav,"3,7,11,13,14"
task2_test_000022.wav,"3,7,11,13,14"
task2_test_000023.wav,"3,7,11,13,14"
task2_test_000024.wav,"3,7,11,13,14"
task2_test_000025.wav,"3,7,11,13,14"
task2_test_000026.wav,"3,7,11,13,14"
task2_test_000027.wav,"3,7,11,13,14"
task2_test_000028.wav,"3,7,11,13,14"
task2_test_000029.wav,"3,7,11,13,14"
task2_test_000030.wav,"3,7,11,13,14"
task2_test_000031.wav,"3,7,11,13,14"
task2_test_000032.wav,"3,7,11,13,14"
task2_test_000033.wav,"3,7,11,13,14"
task2_test_000034.wav,"3,7,11,13,14"
task2_test_000035.wav,"3,7,11,13,14"
task2_test_000036.wav,"3,7,11,13,14"
task2_test_000037.wav,"3,7,11,13,14"
task2_test_000038.wav,"3,7,11,13,14"
task2_test_000039.wav,"3,7,11,13,14"
task2_test_000040.wav,"3,7,11,13,14"
task2_test_000041.wav,"3,7,11,13,14"
task2_test_000042.wav,"3,7,11,13,14"
task2_test_000043.wav,"3,7,11,13,14"
task2_test_000044.wav,"3,7,11,13,14"
task2_test_000045.wav,"3,7,11,13,14"
task2_test_000046.wav,"3,7,11,13,14"
task2_test_000047.wav,"3,7,11,13,14"
task2_test_000048.wav,"3,7,11,13,14"
task2_test_000049.wav,"3,7,11,13,14"
task2_test_000050.wav,"3,7,11,13,14"
task2_test_000051.wav,"3,7,11,13,14"
task2_test_000052.wav,"3,7,11,13,14"
task2_test_000053.wav,"3,7,11,13,14"
task2_test_000054.wav,"3,7,11,13,14"
task2_test_000055.wav,"3,7,11,13,14"
task2_test_000056.wav,"3,7,11,13,14"
task2_test_000057.wav,"3,7,11,13,14"
task2_test_000058.wav,"3,7,11,13,14"
task2_test_000059.wav,"3,7,11,13,14"
task2_test_000060.wav,"3,7,11,13,14"
task2_test_000061.wav,"3,7,11,13,14"
task2_test_000062.wav,"3,7,11,13,14"
task2_test_000063.wav,"3,7,11,13,14"
task2_test_000064.wav,"3,7,11,13,14"
task2_test_000065.wav,"3,7,11,13,14"
task2_test_000066.wav,"3,7,11,13,14"
task2_test_000067.wav,"3,7,11,13,14"
task2_test_000068.wav,"3,7,11,13,14"
task2_test_000069.wav,"3,7,11,13,14"
task2_test_000070.wav,"3,7,11,13,14"
task2_test_000071.wav,"3,7,11,13,14"
task2_test_000072.wav,"3,7,11,13,14"
task2_test_000073.wav,"3,7,11,13,14"
task2_test_000074.wav,"3,7,11,13,14"
task2_test_000075.wav,"3,7,11,13,14"
task2_test_000076.wav,"3,7,11,13,14"
task2_test_000077.wav,"3,7,11,13,14"
task2_test_000078.wav,"3,7,11,13,14"
task2_test_000079.wav,"3,7,11,13,14"
task2_test_000080.wav,"3,7,11,13,14"
task2_test_000081.wav,"3,7,11,13,14"
task2_test_000082.wav,"3,7,11,13,14"
task2_test_000083.wav,"3,7,11,13,14"
task2_test_000084.wav,"3,7,11,13,14"
task2_test_000085.wav,"3,7,11,13,14"
task2_test_000086.wav,"3,7,11,13,14"
task2_test_000087.wav,"3,7,11,13,14"
task2_test_000088.wav,"3,7,11,13,14"
task2_test_000089.wav,"3,7,11,13,14"
task2_test_000090.wav,"3,7,11,13,14"
task2_test_000091.wav,"3,7,11,13,14"
task2_test_000092.wav,"3,7,11,13,14"
task2_test_000093.wav,"3,7,11,13,14"
task2_test_000094.wav,"3,7,11,13,14"
task2_test_000095.wav,"3,7,11,13,14"
task2_test_000096.wav,"3,7,11,13,14"
task2_test_000097.wav,"3,7,11,13,14"
task2_test_000098.wav,"3,7,11,13,14"
task2_test_000099.wav,"3,7,11,13,14"
task2_test_000100.wav,"3,7,11,13,14"
task2_test_000101.wav,"3,7,11,13,14"
task2_test_000102.wav,"3,7,11,13,14"
task2_test_000103.wav,"3,7,11,13,14"
task2_test_000104.wav,"3,7,11,13,14"
task2_test_000105.wav,"3,7,11,13,14"
task2_test_000106.wav,"3,7,11,13,14"
task2_test_000107.wav,"3,7,11,13,14"
task2_test_000108.wav,"3,7,11,13,14"
task2_test_000109.wav,"3,7,11,13,14"
task2_test_000110.wav,"3,7,11,13,14"
task2_test_000111.wav,"3,7,11,13,14"
task2_test_000112.wav,"3,7,11,13,14"
task2_test_000113.wav,"3,7,11,13,14"
task2_test_000114.wav,"3,7,11,13,14"
task2_test_000115.wav,"3,7,11,13,14"
task2_test_000116.wav,"3,7,11,13,14"
task2_test_000117.wav,"3,7,11,13,14"
task2_test_000118.wav,"3,7,11,13,14"
task2_test_000119.wav,"3,7,11,13,14"
task2_test_000120.wav,"3,7,11,13,14"
task2_test_000121.wav,"3,7,11,13,14"
task2_test_000122.wav,"3,7,11,13,14"
task2_test_000123.wav,"3,7,11,13,14"
task2_test_000124.wav,"3,7,11,13,14"
task2_test_000125.wav,"3,7,11,13,14"
task2_test_000126.wav,"3,7,11,13,14"
task2_test_000127.wav,"3,7,11,13,14"
task2_test_000128.wav,"3,7,11,13,14"
task2_test_000129.wav,"3,7,11,13,14"
task2_test_000130.wav,"3,7,11,13,14"
task2_test_000131.wav,"3,7,11,13,14"
task2_test_000132.wav,"3,7,11,13,14"
task2_test_000133.wav,"3,7,11,13,14"
task2_test_000134.wav,"3,7,11,13,14"
task2_test_000135.wav,"3,7,11,13,14"
task2_test_000136.wav,"3,7,11,13,14"
task2_test_000137.wav,"3,7,11,13,14"
task2_test_000138.wav,"3,7,11,13,14"
task2_test_000139.wav,"3,7,11,13,14"
task2_test_000140.wav,"3,7,11,13,14"
task2_test_000141.wav,"3,7,11,13,14"
task2_test_000142.wav,"3,7,11,13,14"
task2_test_000143.wav,"3,7,11,13,14"
task2_test_000144.wav,"3,7,11,13,14"
task2_test_000145.wav,"3,7,11,13,14"
task2_test_000146.wav,"3,7,11,13,14"
task2_test_000147.wav,"3,7,11,13,14"
task2_test_000148.wav,"3,7,11,13,14"
task2_test_000149.wav,"3,7,11,13,14"
task2_test_000150.wav,"3,7,11,13,14"
task2_test_000151.wav,"3,7,11,13,14"
task2_test_000152.wav,"3,7,11,13,14"
task2_test_000153.wav,"3,7,11,13,14"
task2_test_000154.wav,"3,7,11,13,14"
task2_test_000155.wav,"3,7,11,13,14"
task2_test_000156.wav,"3,7,11,13,14"
task2_test_000157.wav,"3,7,11,13,14"
task2_test_000158.wav,"3,7,11,13,14"
task2_test_000159.wav,"3,7,11,13,14"
task2_test_000160.wav,"3,7,11,13,14"
task2_test_000161.wav,"3,7,11,13,14"
task2_test_000162.wav,"3,7,11,13,14"
task2_test_000163.wav,"3,7,11,13,14"
task2_test_000164.wav,"3,7,11,13,14"
task2_test_000165.wav,"3,7,11,13,14"
task2_test_000166.wav,"3,7,11,13,14"
task2_test_000167.wav,"3,7,11,13,14"
task2_test_000168.wav,"3,7,11,13,14"
task2_test_000169.wav,"3,7,11,13,14"
task2_test_000170.wav,"3,7,11,13,14"
task2_test_000171.wav,"3,7,11,13,14"
task2_test_000172.wav,"3,7,11,13,14"
task2_test_000173.wav,"3,7,11,13,14"
task2_test_000174.wav,"3,7,11,13,14"
task2_test_000175.wav,"3,7,11,13,14"
task2_test_000176.wav,"3,7,11,13,14"
task2_test_000177.wav,"3,7,11,13,14"
task2_test_000178.wav,"3,7,11,13,14"
task2_test_000179.wav,"3,7,11,13,14"
task2_test_000180.wav,"3,7,11,13,14"
task2_test_000181.wav,"3,7,11,13,14"
task2_test_000182.wav,"3,7,11,13,14"
task2_test_000183.wav,"3,7,11,13,14"
task2_test_000184.wav,"3,7,11,13,14"
task2_test_000185.wav,"3,7,11,13,14"
task2_test_000186.wav,"3,7,11,13,14"
task2_test_000187.wav,"3,7,11,13,14"
task2_test_000188.wav,"3,7,11,13,14"
task2_test_000189.wav,"3,7,11,13,14"
task2_test_000190.wav,"3,7,11,13,14"
task2_test_000191.wav,"3,7,11,13,14"
task2_test_000192.wav,"3,7,11,13,14"
task2_test_000193.wav,"3,7,11,13,14"
task2_test_000194.wav,"3,7,11,13,14"
task2_test_000195.wav,"3,7,11,13,14"
task2_test_000196.wav,"3,7,11,13,14"
task2_test_000197.wav,"3,7,11,13,14"
task2_test_000198.wav,"3,7,11,13,14"
task2_test_000199.wav,"3,7,11,13,14"
task2_test_000200.wav,"3,7,11,13,14"
task2_test_000201.wav,"3,7,11,13,14"
task2_test_000202.wav,"3,7,11,13,14"
task2_test_000203.wav,"3,7,11,13,14"
task2_test_000204.wav,"3,7,11,13,14"
task2_test_000205.wav,"3,7,11,13,14"
task2_test_000206.wav,"3,7,11,13,14"
task2_test_000207.wav,"3,7,11,13,14"
task2_test_000208.wav,"3,7,11,13,14"
task2_test_000209.wav,"3,7,11,13,14"
task2_test_000210.wav,"3,7,11,13,14"
task2_test_000211.wav,"3,7,11,13,14"
task2_test_000212.wav,"3,7,11,13,14"
task2_test_000213.wav,"3,7,11,13,14"
task2_test_000214.wav,"3,7,11,13,14"
task2_test_000215.wav,"3,7,11,13,14"
task2_test_000216.wav,"3,7,11,13,14"
task2_test_000217.wav,"3,7,11,13,14"
task2_test_000218.wav,"3,7,11,13,14"
task2_test_000219.wav,"3,7,11,13,14"
task2_test_000220.wav,"3,7,11,13,14"
task2_test_000221.wav,"3,7,11,13,14"
task2_test_000222.wav,"3,7,11,13,14"
task2_test_000223.wav,"3,7,11,13,14"
task2_test_000224.wav,"3,7,11,13,14"
task2_test_000225.wav,"3,7,11,13,14"
task2_test_000226.wav,"3,7,11,13,14"
task2_test_000227.wav,"3,7,11,13,14"
task2_test_000228.wav,"3,7,11,13,14"
task2_test_000229.wav,"3,7,11,13,14"
task2_test_000230.wav,"3,7,11,13,14"
task2_test_000231.wav,"3,7,11,13,14"
task2_test_000232.wav,"3,7,11,13,14"
task2_test_000233.wav,"3,7,11,13,14"
task2_test_000234.wav,"3,7,11,13,14"
task2_test_000235.wav,"3,7,11,13,14"
task2_test_000236.wav,"3,7,11,13,14"
task2_test_000237.wav,"3,7,11,13,14"
task2_test_000238.wav,"3,7,11,13,14"
task2_test_000239.wav,"3,7,11,13,14"
task2_test_000240.wav,"3,7,11,13,14"
task2_test_000241.wav,"3,7,11,13,14"
task2_test_000242.wav,"3,7,11,13,14"
task2_test_000243.wav,"3,7,11,13,14"
task2_test_000244.wav,"3,7,11,13,14"
task2_test_000245.wav,"3,7,11,13,14"
task2_test_000246.wav,"3,7,11,13,14"
task2_test_000247.wav,"3,7,11,13,14"
task2_test_000248.wav,"3,7,11,13,14"
task2_test_000249.wav,"3,7,11,13,14"
task2_test_000250.wav,"3,7,11,13,14"
task2_test_000251.wav,"3,7,11,13,14"
task2_test_000252.wav,"3,7,11,13,14"
task2_test_000253.wav,"3,7,11,13,14"
task2_test_000254.wav,"3,7,11,13,14"
task2_test_000255.wav,"3,7,11,13,14"
task2_test_000256.wav,"3,7,11,13,14"
task2_test_000257.wav,"3,7,11,13,14"
task2_test_000258.wav,"3,7,11,13,14"
task2_test_000259.wav,"3,7,11,13,14"
task2_test_000260.wav,"3,7,11,13,14"
task2_test_000261.wav,"3,7,11,13,14"
task2_test_000262.wav,"3,7,11,13,14"
task2_test_000263.wav,"3,7,11,13,14"
task2_test_000264.wav,"3,7,11,13,14"
task2_test_000265.wav,"3,7,11,13,14"
task2_test_000266.wav,"3,7,11,13,14"
task2_test_000267.wav,"3,7,11,13,14"
task2_test_000268.wav,"3,7,11,13,14"
task2_test_000269.wav,"3,7,11,13,14"
task2_test_000270.wav,"3,7,11,13,14"
task2_test_000271.wav,"3,7,11,13,14"
task2_test_000272.wav,"3,7,11,13,14"
task2_test_000273.wav,"3,7,11,13,14"
task2_test_000274.wav,"3,7,11,13,14"
task2_test_000275.wav,"3,7,11,13,14"
task2_test_000276.wav,"3,7,11,13,14"
task2_test_000277.wav,"3,7,11,13,14"
task2_test_000278.wav,"3,7,11,13,14"
task2_test_000279.wav,"3,7,11,13,14"
task2_test_000280.wav,"3,7,11,13,14"
task2_test_000281.wav,"3,7,11,13,14"
task2_test_000282.wav,"3,7,11,13,14"
task2_test_000283.wav,"3,7,11,13,14"
task2_test_000284.wav,"3,7,11,13,14"
task2_test_000285.wav,"3,7,11,13,14"
task2_test_000286.wav,"3,7,11,13,14"
task2_test_000287.wav,"3,7,11,13,14"
task2_test_000288.wav,"3,7,11,13,14"
task2_test_000289.wav,"3,7,11,13,14"
task2_test_000290.wav,"3,7,11,13,14"
task2_test_000291.wav,"3,7,11,13,14"
task2_test_000292.wav,"3,7,11,13,14"
task2_test_000293.wav,"3,7,11,13,14"
task2_test_000294.wav,"3,7,11,13,14"
task2_test_000295.wav,"3,7,11,13,14"
task2_test_000296.wav,"3,7,11,13,14"
task2_test_000297.wav,"3,7,11,13,14"
task2_test_000298.wav,"3,7,11,13,14"
task2_test_000299.wav,"3,7,11,13,14"
task2_test_000300.wav,"3,7,11,13,14"
task2_test_000301.wav,"3,7,11,13,14"
task2_test_000302.wav,"3,7,11,13,14"
task2_test_000303.wav,"3,7,11,13,14"
task2_test_000304.wav,"3,7,11,13,14"
task2_test_000305.wav,"3,7,11,13,14"
task2_test_000306.wav,"3,7,11,13,14"
task2_test_000307.wav,"3,7,11,13,14"
task2_test_000308.wav,"3,7,11,13,14"
task2_test_000309.wav,"3,7,11,13,14"
task2_test_000310.wav,"3,7,11,13,14"
task2_test_000311.wav,"3,7,11,13,14"
task2_test_000312.wav,"3,7,11,13,14"
task2_test_000313.wav,"3,7,11,13,14"
task2_test_000314.wav,"3,7,11,13,14"
task2_test_000315.wav,"3,7,11,13,14"
task2_test_000316.wav,"3,7,11,13,14"
task2_test_000317.wav,"3,7,11,13,14"
task2_test_000318.wav,"3,7,11,13,14"
task2_test_000319.wav,"3,7,11,13,14"
task2_test_000320.wav,"3,7,11,13,14"
task2_test_000321.wav,"3,7,11,13,14"
task2_test_000322.wav,"3,7,11,13,14"
task2_test_000323.wav,"3,7,11,13,14"
task2_test_000324.wav,"3,7,11,13,14"
task2_test_000325.wav,"3,7,11,13,14"
task2_test_000326.wav,"3,7,11,13,14"
task2_test_000327.wav,"3,7,11,13,14"
task2_test_000328.wav,"3,7,11,13,14"
task2_test_000329.wav,"3,7,11,13,14"
task2_test_000330.wav,"3,7,11,13,14"
task2_test_000331.wav,"3,7,11,13,14"
task2_test_000332.wav,"3,7,11,13,14"
task2_test_000333.wav,"3,7,11,13,14"
task2_test_000334.wav,"3,7,11,13,14"
task2_test_000335.wav,"3,7,11,13,14"
task2_test_000336.wav,"3,7,11,13,14"
task2_test_000337.wav,"3,7,11,13,14"
task2_test_000338.wav,"3,7,11,13,14"
task2_test_000339.wav,"3,7,11,13,14"
task2_test_000340.wav,"3,7,11,13,14"
task2_test_000341.wav,"3,7,11,13,14"
task2_test_000342.wav,"3,7,11,13,14"
task2_test_000343.wav,"3,7,11,13,14"
task2_test_000344.wav,"3,7,11,13,14"
task2_test_000345.wav,"3,7,11,13,14"
task2_test_000346.wav,"3,7,11,13,14"
task2_test_000347.wav,"3,7,11,13,14"
task2_test_000348.wav,"3,7,11,13,14"
task2_test_000349.wav,"3,7,11,13,14"
task2_test_000350.wav,"3,7,11,13,14"
task2_test_000351.wav,"3,7,11,13,14"
task2_test_000352.wav,"3,7,11,13,14"
task2_test_000353.wav,"3,7,11,13,14"
task2_test_000354.wav,"3,7,11,13,14"
task2_test_000355.wav,"3,7,11,13,14"
task2_test_000356.wav,"3,7,11,13,14"
task2_test_000357.wav,"3,7,11,13,14"
task2_test_000358.wav,"3,7,11,13,14"
task2_test_000359.wav,"3,7,11,13,14"
task2_test_000360.wav,"3,7,11,13,14"
task2_test_000361.wav,"3,7,11,13,14"
task2_test_000362.wav,"3,7,11,13,14"
task2_test_000363.wav,"3,7,11,13,14"
task2_test_000364.wav,"3,7,11,13,14"
task2_test_000365.wav,"3,7,11,13,14"
task2_test_000366.wav,"3,7,11,13,14"
task2_test_000367.wav,"3,7,11,13,14"
task2_test_000368.wav,"3,7,11,13,14"
task2_test_000369.wav,"3,7,11,13,14"
task2_test_000370.wav,"3,7,11,13,14"
task2_test_000371.wav,"3,7,11,13,14"
task2_test_000372.wav,"3,7,11,13,14"
task2_test_000373.wav,"3,7,11,13,14"
task2_test_000374.wav,"3,7,11,13,14"
task2_test_000375.wav,"3,7,11,13,14"
task2_test_000376.wav,"3,7,11,13,14"
task2_test_000377.wav,"3,7,11,13,14"
task2_test_000378.wav,"3,7,11,13,14"
task2_test_000379.wav,"3,7,11,13,14"
task2_test_000380.wav,"3,7,11,13,14"
task2_test_000381.wav,"3,7,11,13,14"
task2_test_000382.wav,"3,7,11,13,14"
task2_test_000383.wav,"3,7,11,13,14"
task2_test_000384.wav,"3,7,11,13,14"
task2_test_000385.wav,"3,7,11,13,14"
task2_test_000386.wav,"3,7,11,13,14"
task2_test_000387.wav,"3,7,11,13,14"
task2_test_000388.wav,"3,7,11,13,14"
task2_test_000389.wav,"3,7,11,13,14"
task2_test_000390.wav,"3,7,11,13,14"
task2_test_000391.wav,"3,7,11,13,14"
task2_test_000392.wav,"3,7,11,13,14"
task2_test_000393.wav,"3,7,11,13,14"
task2_test_000394.wav,"3,7,11,13,14"
task2_test_000395.wav,"3,7,11,13,14"
task2_test_000396.wav,"3,7,11,13,14"
task2_test_000397.wav,"3,7,11,13,14"
task2_test_000398.wav,"3,7,11,13,14"
task2_test_000399.wav,"3,7,11,13,14"
task2_test_000400.wav,"3,7,11,13,14"
task2_test_000401.wav,"3,7,11,13,14"
task2_test_000402.wav,"3,7,11,13,14"
task2_test_000403.wav,"3,7,11,13,14"
task2_test_000404.wav,"3,7,11,13,14"
task2_test_000405.wav,"3,7,11,13,14"
task2_test_000406.wav,"3,7,11,13,14"
task2_test_000407.wav,"3,7,11,13,14"
task2_test_000408.wav,"3,7,11,13,14"
task2_test_000409.wav,"3,7,11,13,14"
task2_test_000410.wav,"3,7,11,13,14"
task2_test_000411.wav,"3,7,11,13,14"
task2_test_000412.wav,"3,7,11,13,14"
task2_test_000413.wav,"3,7,11,13,14"
task2_test_000414.wav,"3,7,11,13,14"
task2_test_000415.wav,"3,7,11,13,14"
task2_test_000416.wav,"3,7,11,13,14"
task2_test_000417.wav,"3,7,11,13,14"
task2_test_000418.wav,"3,7,11,13,14"
task2_test_000419.wav,"3,7,11,13,14"
task2_test_000420.wav,"3,7,11,13,14"
task2_test_000421.wav,"3,7,11,13,14"
task2_test_000422.wav,"3,7,11,13,14"
task2_test_000423.wav,"3,7,11,13,14"
task2_test_000424.wav,"3,7,11,13,14"
task2_test_000425.wav,"3,7,11,13,14"
task2_test_000426.wav,"3,7,11,13,14"
task2_test_000427.wav,"3,7,11,13,14"
task2_test_000428.wav,"3,7,11,13,14"
task2_test_000429.wav,"3,7,11,13,14"
task2_test_000430.wav,"3,7,11,13,14"
task2_test_000431.wav,"3,7,11,13,14"
task2_test_000432.wav,"3,7,11,13,14"
task2_test_000433.wav,"3,7,11,13,14"
task2_test_000434.wav,"3,7,11,13,14"
task2_test_000435.wav,"3,7,11,13,14"
task2_test_000436.wav,"3,7,11,13,14"
task2_test_000437.wav,"3,7,11,13,14"
task2_test_000438.wav,"3,7,11,13,14"
task2_test_000439.wav,"3,7,11,13,14"
task2_test_000440.wav,"3,7,11,13,14"
task2_test_000441.wav,"3,7,11,13,14"
task2_test_000442.wav,"3,7,11,13,14"
task2_test_000443.wav,"3,7,11,13,14"
task2_test_000444.wav,"3,7,11,13,14"
task2_test_000445.wav,"3,7,11,13,14"
task2_test_000446.wav,"3,7,11,13,14"
task2_test_000447.wav,"3,7,11,13,14"
task2_test_000448.wav,"3,7,11,13,14"
task2_test_000449.wav,"3,7,11,13,14"
task2_test_000450.wav,"3,7,11,13,14"
task2_test_000451.wav,"3,7,11,13,14"
task2_test_000452.wav,"3,7,11,13,14"
task2_test_000453.wav,"3,7,11,13,14"
task2_test_000454.wav,"3,7,11,13,14"
task2_test_000455.wav,"3,7,11,13,14"
task2_test_000456.wav,"3,7,11,13,14"
task2_test_000457.wav,"3,7,11,13,14"
task2_test_000458.wav,"3,7,11,13,14"
task2_test_000459.wav,"3,7,11,13,14"
task2_test_000460.wav,"3,7,11,13,14"
task2_test_000461.wav,"3,7,11,13,14"
task2_test_000462.wav,"3,7,11,13,14"
task2_test_000463.wav,"3,7,11,13,14"
task2_test_000464.wav,"3,7,11,13,14"
task2_test_000465.wav,"3,7,11,13,14"
task2_test_000466.wav,"3,7,11,13,14"
task2_test_000467.wav,"3,7,11,13,14"
task2_test_000468.wav,"3,7,11,13,14"
task2_test_000469.wav,"3,7,11,13,14"
task2_test_000470.wav,"3,7,11,13,14"
task2_test_000471.wav,"3,7,11,13,14"
task2_test_000472.wav,"3,7,11,13,14"
task2_test_000473.wav,"3,7,11,13,14"
task2_test_000474.wav,"3,7,11,13,14"
task2_test_000475.wav,"3,7,11,13,14"
task2_test_000476.wav,"3,7,11,13,14"
task2_test_000477.wav,"3,7,11,13,14"
task2_test_000478.wav,"3,7,11,13,14"
task2_test_000479.wav,"3,7,11,13,14"
task2_test_000480.wav,"3,7,11,13,14"
task2_test_000481.wav,"3,7,11,13,14"
task2_test_000482.wav,"3,7,11,13,14"
task2_test_000483.wav,"3,7,11,13,14"
task2_test_000484.wav,"3,7,11,13,14"
task2_test_000485.wav,"3,7,11,13,14"
task2_test_000486.wav,"3,7,11,13,14"
task2_test_000487.wav,"3,7,11,13,14"
task2_test_000488.wav,"3,7,11,13,14"
task2_test_000489.wav,"3,7,11,13,14"
task2_test_000490.wav,"3,7,11,13,14"
task2_test_000491.wav,"3,7,11,13,14"
task2_test_000492.wav,"3,7,11,13,14"
task2_test_000493.wav,"3,7,11,13,14"
task2_test_000494.wav,"3,7,11,13,14"
task2_test_000495.wav,"3,7,11,13,14"
task2_test_000496.wav,"3,7,11,13,14"
task2_test_000497.wav,"3,7,11,13,14"
task2_test_000498.wav,"3,7,11,13,14"
task2_test_000499.wav,"3,7,11,13,14"
task2_test_000500.wav,"3,7,11,13,14"
task2_test_000501.wav,"3,7,11,13,14"
task2_test_000502.wav,"3,7,11,13,14"
task2_test_000503.wav,"3,7,11,13,14"
task2_test_000504.wav,"3,7,11,13,14"
task2_test_000505.wav,"3,7,11,13,14"
task2_test_000506.wav,"3,7,11,13,14"
task2_test_000507.wav,"3,7,11,13,14"
task2_test_000508.wav,"3,7,11,13,14"
task2_test_000509.wav,"3,7,11,13,14"
task2_test_000510.wav,"3,7,11,13,14"
task2_test_000511.wav,"3,7,11,13,14"
task2_test_000512.wav,"3,7,11,13,14"
task2_test_000513.wav,"3,7,11,13,14"
task2_test_000514.wav,"3,7,11,13,14"
task2_test_000515.wav,"3,7,11,13,14"
task2_test_000516.wav,"3,7,11,13,14"
task2_test_000517.wav,"3,7,11,13,14"
task2_test_000518.wav,"3,7,11,13,14"
task2_test_000519.wav,"3,7,11,13,14"
task2_test_000520.wav,"3,7,11,13,14"
task2_test_000521.wav,"3,7,11,13,14"
task2_test_000522.wav,"3,7,11,13,14"
task2_test_000523.wav,"3,7,11,13,14"
task2_test_000524.wav,"3,7,11,13,14"
task2_test_000525.wav,"3,7,11,13,14"
task2_test_000526.wav,"3,7,11,13,14"
task2_test_000527.wav,"3,7,11,13,14"
task2_test_000528.wav,"3,7,11,13,14"
task2_test_000529.wav,"3,7,11,13,14"
task2_test_000530.wav,"3,7,11,13,14"
task2_test_000531.wav,"3,7,11,13,14"
task2_test_000532.wav,"3,7,11,13,14"
task2_test_000533.wav,"3,7,11,13,14"
task2_test_000534.wav,"3,7,11,13,14"
task2_test_000535.wav,"3,7,11,13,14"
task2_test_000536.wav,"3,7,11,13,14"
task2_test_000537.wav,"3,7,11,13,14"
task2_test_000538.wav,"3,7,11,13,14"
task2_test_000539.wav,"3,7,11,13,14"
task2_test_000540.wav,"3,7,11,13,14"
task2_test_000541.wav,"3,7,11,13,14"
task2_test_000542.wav,"3,7,11,13,14"
task2_test_000543.wav,"3,7,11,13,14"
task2_test_000544.wav,"3,7,11,13,14"
task2_test_000545.wav,"3,7,11,13,14"
task2_test_000546.wav,"3,7,11,13,14"
task2_test_000547.wav,"3,7,11,13,14"
task2_test_000548.wav,"3,7,11,13,14"
task2_test_000549.wav,"3,7,11,13,14"
task2_test_000550.wav,"3,7,11,13,14"
task2_test_000551.wav,"3,7,11,13,14"
task2_test_000552.wav,"3,7,11,13,14"
task2_test_000553.wav,"3,7,11,13,14"
task2_test_000554.wav,"3,7,11,13,14"
task2_test_000555.wav,"3,7,11,13,14"
task2_test_000556.wav,"3,7,11,13,14"
task2_test_000557.wav,"3,7,11,13,14"
task2_test_000558.wav,"3,7,11,13,14"
task2_test_000559.wav,"3,7,11,13,14"
task2_test_000560.wav,"3,7,11,13,14"
task2_test_000561.wav,"3,7,11,13,14"
task2_test_000562.wav,"3,7,11,13,14"
task2_test_000563.wav,"3,7,11,13,14"
task2_test_000564.wav,"3,7,11,13,14"
task2_test_000565.wav,"3,7,11,13,14"
task2_test_000566.wav,"3,7,11,13,14"
task2_test_000567.wav,"3,7,11,13,14"
task2_test_000568.wav,"3,7,11,13,14"
task2_test_000569.wav,"3,7,11,13,14"
task2_test_000570.wav,"3,7,11,13,14"
task2_test_000571.wav,"3,7,11,13,14"
task2_test_000572.wav,"3,7,11,13,14"
task2_test_000573.wav,"3,7,11,13,14"
task2_test_000574.wav,"3,7,11,13,14"
task2_test_000575.wav,"3,7,11,13,14"
task2_test_000576.wav,"3,7,11,13,14"
task2_test_000577.wav,"3,7,11,13,14"
task2_test_000578.wav,"3,7,11,13,14"
task2_test_000579.wav,"3,7,11,13,14"
task2_test_000580.wav,"3,7,11,13,14"
task2_test_000581.wav,"3,7,11,13,14"
task2_test_000582.wav,"3,7,11,13,14"
task2_test_000583.wav,"3,7,11,13,14"
task2_test_000584.wav,"3,7,11,13,14"
task2_test_000585.wav,"3,7,11,13,14"
task2_test_000586.wav,"3,7,11,13,14"
task2_test_000587.wav,"3,7,11,13,14"
task2_test_000588.wav,"3,7,11,13,14"
task2_test_000589.wav,"3,7,11,13,14"
task2_test_000590.wav,"3,7,11,13,14"
task2_test_000591.wav,"3,7,11,13,14"
task2_test_000592.wav,"3,7,11,13,14"
task2_test_000593.wav,"3,7,11,13,14"
task2_test_000594.wav,"3,7,11,13,14"
task2_test_000595.wav,"3,7,11,13,14"
task2_test_000596.wav,"3,7,11,13,14"
task2_test_000597.wav,"3,7,11,13,14"
task2_test_000598.wav,"3,7,11,13,14"
task2_test_000599.wav,"3,7,11,13,14"
task2_test_000600.wav,"3,7,11,13,14"
task2_test_000601.wav,"3,7,11,13,14"
task2_test_000602.wav,"3,7,11,13,14"
task2_test_000603.wav,"3,7,11,13,14"
task2_test_000604.wav,"3,7,11,13,14"
task2_test_000605.wav,"3,7,11,13,14"
task2_test_000606.wav,"3,7,11,13,14"
task2_test_000607.wav,"3,7,11,13,14"
task2_test_000608.wav,"3,7,11,13,14"
task2_test_000609.wav,"3,7,11,13,14"
task2_test_000610.wav,"3,7,11,13,14"
task2_test_000611.wav,"3,7,11,13,14"
task2_test_000612.wav,"3,7,11,13,14"
task2_test_000613.wav,"3,7,11,13,14"
task2_test_000614.wav,"3,7,11,13,14"
task2_test_000615.wav,"3,7,11,13,14"
task2_test_000616.wav,"3,7,11,13,14"
task2_test_000617.wav,"3,7,11,13,14"
task2_test_000618.wav,"3,7,11,13,14"
task2_test_000619.wav,"3,7,11,13,14"
task2_test_000620.wav,"3,7,11,13,14"
task2_test_000621.wav,"3,7,11,13,14"
task2_test_000622.wav,"3,7,11,13,14"
task2_test_000623.wav,"3,7,11,13,14"
task2_test_000624.wav,"3,7,11,13,14"
task2_test_000625.wav,"3,7,11,13,14"
task2_test_000626.wav,"3,7,11,13,14"
task2_test_000627.wav,"3,7,11,13,14"
task2_test_000628.wav,"3,7,11,13,14"
task2_test_000629.wav,"3,7,11,13,14"
task2_test_000630.wav,"3,7,11,13,14"
task2_test_000631.wav,"3,7,11,13,14"
task2_test_000632.wav,"3,7,11,13,14"
task2_test_000633.wav,"3,7,11,13,14"
task2_test_000634.wav,"3,7,11,13,14"
task2_test_000635.wav,"3,7,11,13,14"
task2_test_000636.wav,"3,7,11,13,14"
task2_test_000637.wav,"3,7,11,13,14"
task2_test_000638.wav,"3,7,11,13,14"
task2_test_000639.wav,"3,7,11,13,14"
task2_test_000640.wav,"3,7,11,13,14"
task2_test_000641.wav,"3,7,11,13,14"
task2_test_000642.wav,"3,7,11,13,14"
task2_test_000643.wav,"3,7,11,13,14"
task2_test_000644.wav,"3,7,11,13,14"
task2_test_000645.wav,"3,7,11,13,14"
task2_test_000646.wav,"3,7,11,13,14"
task2_test_000647.wav,"3,7,11,13,14"
task2_test_000648.wav,"3,7,11,13,14"
task2_test_000649.wav,"3,7,11,13,14"
task2_test_000650.wav,"3,7,11,13,14"
task2_test_000651.wav,"3,7,11,13,14"
task2_test_000652.wav,"3,7,11,13,14"
task2_test_000653.wav,"3,7,11,13,14"
task2_test_000654.wav,"3,7,11,13,14"
task2_test_000655.wav,"3,7,11,13,14"
task2_test_000656.wav,"3,7,11,13,14"
task2_test_000657.wav,"3,7,11,13,14"
task2_test_000658.wav,"3,7,11,13,14"
task2_test_000659.wav,"3,7,11,13,14"
task2_test_000660.wav,"3,7,11,13,14"
task2_test_000661.wav,"3,7,11,13,14"
task2_test_000662.wav,"3,7,11,13,14"
task2_test_000663.wav,"3,7,11,13,14"
task2_test_000664.wav,"3,7,11,13,14"
task2_test_000665.wav,"3,7,11,13,14"
task2_test_000666.wav,"3,7,11,13,14"
task2_test_000667.wav,"3,7,11,13,14"
task2_test_000668.wav,"3,7,11,13,14"
task2_test_000669.wav,"3,7,11,13,14"
task2_test_000670.wav,"3,7,11,13,14"
task2_test_000671.wav,"3,7,11,13,14"
task2_test_000672.wav,"3,7,11,13,14"
task2_test_000673.wav,"3,7,11,13,14"
task2_test_000674.wav,"3,7,11,13,14"
task2_test_000675.wav,"3,7,11,13,14"
task2_test_000676.wav,"3,7,11,13,14"
task2_test_000677.wav,"3,7,11,13,14"
task2_test_000678.wav,"3,7,11,13,14"
task2_test_000679.wav,"3,7,11,13,14"
task2_test_000680.wav,"3,7,11,13,14"
task2_test_000681.wav,"3,7,11,13,14"
task2_test_000682.wav,"3,7,11,13,14"
task2_test_000683.wav,"3,7,11,13,14"
task2_test_000684.wav,"3,7,11,13,14"
task2_test_000685.wav,"3,7,11,13,14"
task2_test_000686.wav,"3,7,11,13,14"
task2_test_000687.wav,"3,7,11,13,14"
task2_test_000688.wav,"3,7,11,13,14"
task2_test_000689.wav,"3,7,11,13,14"
task2_test_000690.wav,"3,7,11,13,14"
task2_test_000691.wav,"3,7,11,13,14"
task2_test_000692.wav,"3,7,11,13,14"
task2_test_000693.wav,"3,7,11,13,14"
task2_test_000694.wav,"3,7,11,13,14"
task2_test_000695.wav,"3,7,11,13,14"
task2_test_000696.wav,"3,7,11,13,14"
task2_test_000697.wav,"3,7,11,13,14"
task2_test_000698.wav,"3,7,11,13,14"
task2_test_000699.wav,"3,7,11,13,14"
task2_test_000700.wav,"3,7,11,13,14"
task2_test_000701.wav,"3,7,11,13,14"
task2_test_000702.wav,"3,7,11,13,14"
task2_test_000703.wav,"3,7,11,13,14"
task2_test_000704.wav,"3,7,11,13,14"
task2_test_000705.wav,"3,7,11,13,14"
task2_test_000706.wav,"3,7,11,13,14"
task2_test_000707.wav,"3,7,11,13,14"
task2_test_000708.wav,"3,7,11,13,14"
task2_test_000709.wav,"3,7,11,13,14"
task2_test_000710.wav,"3,7,11,13,14"
task2_test_000711.wav,"3,7,11,13,14"
task2_test_000712.wav,"3,7,11,13,14"
task2_test_000713.wav,"3,7,11,13,14"
task2_test_000714.wav,"3,7,11,13,14"
task2_test_000715.wav,"3,7,11,13,14"
task2_test_000716.wav,"3,7,11,13,14"
task2_test_000717.wav,"3,7,11,13,14"
task2_test_000718.wav,"3,7,11,13,14"
task2_test_000719.wav,"3,7,11,13,14"
task2_test_000720.wav,"3,7,11,13,14"
task2_test_000721.wav,"3,7,11,13,14"
task2_test_000722.wav,"3,7,11,13,14"
task2_test_000723.wav,"3,7,11,13,14"
task2_test_000724.wav,"3,7,11,13,14"
task2_test_000725.wav,"3,7,11,13,14"
task2_test_000726.wav,"3,7,11,13,14"
task2_test_000727.wav,"3,7,11,13,14"
task2_test_000728.wav,"3,7,11,13,14"
task2_test_000729.wav,"3,7,11,13,14"
task2_test_000730.wav,"3,7,11,13,14"
task2_test_000731.wav,"3,7,11,13,14"
task2_test_000732.wav,"3,7,11,13,14"
task2_test_000733.wav,"3,7,11,13,14"
task2_test_000734.wav,"3,7,11,13,14"
task2_test_000735.wav,"3,7,11,13,14"
task2_test_000736.wav,"3,7,11,13,14"
task2_test_000737.wav,"3,7,11,13,14"
task2_test_000738.wav,"3,7,11,13,14"
task2_test_000739.wav,"3,7,11,13,14"
task2_test_000740.wav,"3,7,11,13,14"
task2_test_000741.wav,"3,7,11,13,14"
task2_test_000742.wav,"3,7,11,13,14"
task2_test_000743.wav,"3,7,11,13,14"
task2_test_000744.wav,"3,7,11,13,14"
task2_test_000745.wav,"3,7,11,13,14"
task2_test_000746.wav,"3,7,11,13,14"
task2_test_000747.wav,"3,7,11,13,14"
task2_test_000748.wav,"3,7,11,13,14"
task2_test_000749.wav,"3,7,11,13,14"
task2_test_000750.wav,"3,7,11,13,14"
task2_test_000751.wav,"3,7,11,13,14"
task2_test_000752.wav,"3,7,11,13,14"
task2_test_000753.wav,"3,7,11,13,14"
task2_test_000754.wav,"3,7,11,13,14"
task2_test_000755.wav,"3,7,11,13,14"
task2_test_000756.wav,"3,7,11,13,14"
task2_test_000757.wav,"3,7,11,13,14"
task2_test_000758.wav,"3,7,11,13,14"
task2_test_000759.wav,"3,7,11,13,14"
task2_test_000760.wav,"3,7,11,13,14"
task2_test_000761.wav,"3,7,11,13,14"
task2_test_000762.wav,"3,7,11,13,14"
task2_test_000763.wav,"3,7,11,13,14"
task2_test_000764.wav,"3,7,11,13,14"
task2_test_000765.wav,"3,7,11,13,14"
task2_test_000766.wav,"3,7,11,13,14"
task2_test_000767.wav,"3,7,11,13,14"
task2_test_000768.wav,"3,7,11,13,14"
task2_test_000769.wav,"3,7,11,13,14"
task2_test_000770.wav,"3,7,11,13,14"
task2_test_000771.wav,"3,7,11,13,14"
task2_test_000772.wav,"3,7,11,13,14"
task2_test_000773.wav,"3,7,11,13,14"
task2_test_000774.wav,"3,7,11,13,14"
task2_test_000775.wav,"3,7,11,13,14"
task2_test_000776.wav,"3,7,11,13,14"
task2_test_000777.wav,"3,7,11,13,14"
task2_test_000778.wav,"3,7,11,13,14"
task2_test_000779.wav,"3,7,11,13,14"
task2_test_000780.wav,"3,7,11,13,14"
task2_test_000781.wav,"3,7,11,13,14"
task2_test_000782.wav,"3,7,11,13,14"
task2_test_000783.wav,"3,7,11,13,14"
task2_test_000784.wav,"3,7,11,13,14"
task2_test_000785.wav,"3,7,11,13,14"
task2_test_000786.wav,"3,7,11,13,14"
task2_test_000787.wav,"3,7,11,13,14"
task2_test_000788.wav,"3,7,11,13,14"
task2_test_000789.wav,"3,7,11,13,14"
task2_test_000790.wav,"3,7,11,13,14"
task2_test_000791.wav,"3,7,11,13,14"
task2_test_000792.wav,"3,7,11,13,14"
task2_test_000793.wav,"3,7,11,13,14"
task2_test_000794.wav,"3,7,11,13,14"
task2_test_000795.wav,"3,7,11,13,14"
task2_test_000796.wav,"3,7,11,13,14"
task2_test_000797.wav,"3,7,11,13,14"
task2_test_000798.wav,"3,7,11,13,14"
task2_test_000799.wav,"3,7,11,13,14"
task2_test_000800.wav,"3,7,11,13,14"
task2_test_000801.wav,"3,7,11,13,14"
task2_test_000802.wav,"3,7,11,13,14"
task2_test_000803.wav,"3,7,11,13,14"
task2_test_000804.wav,"3,7,11,13,14"
task2_test_000805.wav,"3,7,11,13,14"
task2_test_000806.wav,"3,7,11,13,14"
task2_test_000807.wav,"3,7,11,13,14"
task2_test_000808.wav,"3,7,11,13,14"
task2_test_000809.wav,"3,7,11,13,14"
task2_test_000810.wav,"3,7,11,13,14"
task2_test_000811.wav,"3,7,11,13,14"
task2_test_000812.wav,"3,7,11,13,14"
task2_test_000813.wav,"3,7,11,13,14"
task2_test_000814.wav,"3,7,11,13,14"
task2_test_000815.wav,"3,7,11,13,14"
task2_test_000816.wav,"3,7,11,13,14"
task2_test_000817.wav,"3,7,11,13,14"
task2_test_000818.wav,"3,7,11,13,14"
task2_test_000819.wav,"3,7,11,13,14"
task2_test_000820.wav,"3,7,11,13,14"
task2_test_000821.wav,"3,7,11,13,14"
task2_test_000822.wav,"3,7,11,13,14"
task2_test_000823.wav,"3,7,11,13,14"
task2_test_000824.wav,"3,7,11,13,14"
task2_test_000825.wav,"3,7,11,13,14"
task2_test_000826.wav,"3,7,11,13,14"
task2_test_000827.wav,"3,7,11,13,14"
task2_test_000828.wav,"3,7,11,13,14"
task2_test_000829.wav,"3,7,11,13,14"
task2_test_000830.wav,"3,7,11,13,14"
task2_test_000831.wav,"3,7,11,13,14"
task2_test_000832.wav,"3,7,11,13,14"
task2_test_000833.wav,"3,7,11,13,14"
task2_test_000834.wav,"3,7,11,13,14"
task2_test_000835.wav,"3,7,11,13,14"
task2_test_000836.wav,"3,7,11,13,14"
task2_test_000837.wav,"3,7,11,13,14"
task2_test_000838.wav,"3,7,11,13,14"
task2_test_000839.wav,"3,7,11,13,14"
task2_test_000840.wav,"3,7,11,13,14"
task2_test_000841.wav,"3,7,11,13,14"
task2_test_000842.wav,"3,7,11,13,14"
task2_test_000843.wav,"3,7,11,13,14"
task2_test_000844.wav,"3,7,11,13,14"
task2_test_000845.wav,"3,7,11,13,14"
task2_test_000846.wav,"3,7,11,13,14"
task2_test_000847.wav,"3,7,11,13,14"
task2_test_000848.wav,"3,7,11,13,14"
task2_test_000849.wav,"3,7,11,13,14"
task2_test_000850.wav,"3,7,11,13,14"
task2_test_000851.wav,"3,7,11,13,14"
task2_test_000852.wav,"3,7,11,13,14"
task2_test_000853.wav,"3,7,11,13,14"
task2_test_000854.wav,"3,7,11,13,14"
task2_test_000855.wav,"3,7,11,13,14"
task2_test_000856.wav,"3,7,11,13,14"
task2_test_000857.wav,"3,7,11,13,14"
task2_test_000858.wav,"3,7,11,13,14"
task2_test_000859.wav,"3,7,11,13,14"
task2_test_000860.wav,"3,7,11,13,14"
task2_test_000861.wav,"3,7,11,13,14"
task2_test_000862.wav,"3,7,11,13,14"
task2_test_000863.wav,"3,7,11,13,14"
task2_test_000864.wav,"3,7,11,13,14"
task2_test_000865.wav,"3,7,11,13,14"
task2_test_000866.wav,"3,7,11,13,14"
task2_test_000867.wav,"3,7,11,13,14"
task2_test_000868.wav,"3,7,11,13,14"
task2_test_000869.wav,"3,7,11,13,14"
task2_test_000870.wav,"3,7,11,13,14"
task2_test_000871.wav,"3,7,11,13,14"
task2_test_000872.wav,"3,7,11,13,14"
task2_test_000873.wav,"3,7,11,13,14"
task2_test_000874.wav,"3,7,11,13,14"
task2_test_000875.wav,"3,7,11,13,14"
task2_test_000876.wav,"3,7,11,13,14"
task2_test_000877.wav,"3,7,11,13,14"
task2_test_000878.wav,"3,7,11,13,14"
task2_test_000879.wav,"3,7,11,13,14"
task2_test_000880.wav,"3,7,11,13,14"
task2_test_000881.wav,"3,7,11,13,14"
task2_test_000882.wav,"3,7,11,13,14"
task2_test_000883.wav,"3,7,11,13,14"
task2_test_000884.wav,"3,7,11,13,14"
task2_test_000885.wav,"3,7,11,13,14"
task2_test_000886.wav,"3,7,11,13,14"
task2_test_000887.wav,"3,7,11,13,14"
task2_test_000888.wav,"3,7,11,13,14"
task2_test_000889.wav,"3,7,11,13,14"
task2_test_000890.wav,"3,7,11,13,14"
task2_test_000891.wav,"3,7,11,13,14"
task2_test_000892.wav,"3,7,11,13,14"
task2_test_000893.wav,"3,7,11,13,14"
task2_test_000894.wav,"3,7,11,13,14"
task2_test_000895.wav,"3,7,11,13,14"
task2_test_000896.wav,"3,7,11,13,14"
task2_test_000897.wav,"3,7,11,13,14"
task2_test_000898.wav,"3,7,11,13,14"
task2_test_000899.wav,"3,7,11,13,14"
task2_test_000900.wav,"3,7,11,13,14"
task2_test_000901.wav,"3,7,11,13,14"
task2_test_000902.wav,"3,7,11,13,14"
task2_test_000903.wav,"3,7,11,13,14"
task2_test_000904.wav,"3,7,11,13,14"
task2_test_000905.wav,"3,7,11,13,14"
task2_test_000906.wav,"3,7,11,13,14"
task2_test_000907.wav,"3,7,11,13,14"
task2_test_000908.wav,"3,7,11,13,14"
task2_test_000909.wav,"3,7,11,13,14"
task2_test_000910.wav,"3,7,11,13,14"
task2_test_000911.wav,"3,7,11,13,14"
task2_test_000912.wav,"3,7,11,13,14"
task2_test_000913.wav,"3,7,11,13,14"
task2_test_000914.wav,"3,7,11,13,14"
task2_test_000915.wav,"3,7,11,13,14"
task2_test_000916.wav,"3,7,11,13,14"
task2_test_000917.wav,"3,7,11,13,14"
task2_test_000918.wav,"3,7,11,13,14"
task2_test_000919.wav,"3,7,11,13,14"
task2_test_000920.wav,"3,7,11,13,14"
task2_test_000921.wav,"3,7,11,13,14"
task2_test_000922.wav,"3,7,11,13,14"
task2_test_000923.wav,"3,7,11,13,14"
task2_test_000924.wav,"3,7,11,13,14"
task2_test_000925.wav,"3,7,11,13,14"
task2_test_000926.wav,"3,7,11,13,14"
task2_test_000927.wav,"3,7,11,13,14"
task2_test_000928.wav,"3,7,11,13,14"
task2_test_000929.wav,"3,7,11,13,14"
task2_test_000930.wav,"3,7,11,13,14"
task2_test_000931.wav,"3,7,11,13,14"
task2_test_000932.wav,"3,7,11,13,14"
task2_test_000933.wav,"3,7,11,13,14"
task2_test_000934.wav,"3,7,11,13,14"
task2_test_000935.wav,"3,7,11,13,14"
task2_test_000936.wav,"3,7,11,13,14"
task2_test_000937.wav,"3,7,11,13,14"
task2_test_000938.wav,"3,7,11,13,14"
task2_test_000939.wav,"3,7,11,13,14"
task2_test_000940.wav,"3,7,11,13,14"
task2_test_000941.wav,"3,7,11,13,14"
task2_test_000942.wav,"3,7,11,13,14"
task2_test_000943.wav,"3,7,11,13,14"
task2_test_000944.wav,"3,7,11,13,14"
task2_test_000945.wav,"3,7,11,13,14"
task2_test_000946.wav,"3,7,11,13,14"
task2_test_000947.wav,"3,7,11,13,14"
task2_test_000948.wav,"3,7,11,13,14"
task2_test_000949.wav,"3,7,11,13,14"
task2_test_000950.wav,"3,7,11,13,14"
task2_test_000951.wav,"3,7,11,13,14"
task2_test_000952.wav,"3,7,11,13,14"
task2_test_000953.wav,"3,7,11,13,14"
task2_test_000954.wav,"3,7,11,13,14"
task2_test_000955.wav,"3,7,11,13,14"
task2_test_000956.wav,"3,7,11,13,14"
task2_test_000957.wav,"3,7,11,13,14"
task2_test_000958.wav,"3,7,11,13,14"
task2_test_000959.wav,"3,7,11,13,14"
task2_test_000960.wav,"3,7,11,13,14"
task2_test_000961.wav,"3,7,11,13,14"
task2_test_000962.wav,"3,7,11,13,14"
task2_test_000963.wav,"3,7,11,13,14"
task2_test_000964.wav,"3,7,11,13,14"
task2_test_000965.wav,"3,7,11,13,14"
task2_test_000966.wav,"3,7,11,13,14"
task2_test_000967.wav,"3,7,11,13,14"
task2_test_000968.wav,"3,7,11,13,14"
task2_test_000969.wav,"3,7,11,13,14"
task2_test_000970.wav,"3,7,11,13,14"
task2_test_000971.wav,"3,7,11,13,14"
task2_test_000972.wav,"3,7,11,13,14"
task2_test_000973.wav,"3,7,11,13,14"
task2_test_000974.wav,"3,7,11,13,14"
task2_test_000975.wav,"3,7,11,13,14"
task2_test_000976.wav,"3,7,11,13,14"
task2_test_000977.wav,"3,7,11,13,14"
task2_test_000978.wav,"3,7,11,13,14"
task2_test_000979.wav,"3,7,11,13,14"
task2_test_000980.wav,"3,7,11,13,14"
task2_test_000981.wav,"3,7,11,13,14"
task2_test_000982.wav,"3,7,11,13,14"
task2_test_000983.wav,"3,7,11,13,14"
task2_test_000984.wav,"3,7,11,13,14"
task2_test_000985.wav,"3,7,11,13,14"
task2_test_000986.wav,"3,7,11,13,14"
task2_test_000987.wav,"3,7,11,13,14"
task2_test_000988.wav,"3,7,11,13,14"
task2_test_000989.wav,"3,7,11,13,14"
task2_test_000990.wav,"3,7,11,13,14"
task2_test_000991.wav,"3,7,11,13,14"
task2_test_000992.wav,"3,7,11,13,14"
task2_test_000993.wav,"3,7,11,13,14"
task2_test_000994.wav,"3,7,11,13,14"
task2_test_000995.wav,"3,7,11,13,14"
task2_test_000996.wav,"3,7,11,13,14"
task2_test_000997.wav,"3,7,11,13,14"
task2_test_000998.wav,"3,7,11,13,14"
task2_test_000999.wav,"3,7,11,13,14"
task2_test_001000.wav,"3,7,11,13,14"
task2_test_001001.wav,"3,7,11,13,14"
task2_test_001002.wav,"3,7,11,13,14"
task2_test_001003.wav,"3,7,11,13,14"
task2_test_001004.wav,"3,7,11,13,14"
task2_test_001005.wav,"3,7,11,13,14"
task2_test_001006.wav,"3,7,11,13,14"
task2_test_001007.wav,"3,7,11,13,14"
task2_test_001008.wav,"3,7,11,13,14"
task2_test_001009.wav,"3,7,11,13,14"
task2_test_001010.wav,"3,7,11,13,14"
task2_test_001011.wav,"3,7,11,13,14"
task2_test_001012.wav,"3,7,11,13,14"
task2_test_001013.wav,"3,7,11,13,14"
task2_test_001014.wav,"3,7,11,13,14"
task2_test_001015.wav,"3,7,11,13,14"
task2_test_001016.wav,"3,7,11,13,14"
task2_test_001017.wav,"3,7,11,13,14"
task2_test_001018.wav,"3,7,11,13,14"
task2_test_001019.wav,"3,7,11,13,14"
task2_test_001020.wav,"3,7,11,13,14"
task2_test_001021.wav,"3,7,11,13,14"
task2_test_001022.wav,"3,7,11,13,14"
task2_test_001023.wav,"3,7,11,13,14"
task2_test_001024.wav,"3,7,11,13,14"
task2_test_001025.wav,"3,7,11,13,14"
task2_test_001026.wav,"3,7,11,13,14"
task2_test_001027.wav,"3,7,11,13,14"
task2_test_001028.wav,"3,7,11,13,14"
task2_test_001029.wav,"3,7,11,13,14"
task2_test_001030.wav,"3,7,11,13,14"
task2_test_001031.wav,"3,7,11,13,14"
task2_test_001032.wav,"3,7,11,13,14"
task2_test_001033.wav,"3,7,11,13,14"
task2_test_001034.wav,"3,7,11,13,14"
task2_test_001035.wav,"3,7,11,13,14"
task2_test_001036.wav,"3,7,11,13,14"
task2_test_001037.wav,"3,7,11,13,14"
task2_test_001038.wav,"3,7,11,13,14"
task2_test_001039.wav,"3,7,11,13,14"
task2_test_001040.wav,"3,7,11,13,14"
task2_test_001041.wav,"3,7,11,13,14"
task2_test_001042.wav,"3,7,11,13,14"
task2_test_001043.wav,"3,7,11,13,14"
task2_test_001044.wav,"3,7,11,13,14"
task2_test_001045.wav,"3,7,11,13,14"
task2_test_001046.wav,"3,7,11,13,14"
task2_test_001047.wav,"3,7,11,13,14"
task2_test_001048.wav,"3,7,11,13,14"
task2_test_001049.wav,"3,7,11,13,14"
task2_test_001050.wav,"3,7,11,13,14"
task2_test_001051.wav,"3,7,11,13,14"
task2_test_001052.wav,"3,7,11,13,14"
task2_test_001053.wav,"3,7,11,13,14"
task2_test_001054.wav,"3,7,11,13,14"
task2_test_001055.wav,"3,7,11,13,14"
task2_test_001056.wav,"3,7,11,13,14"
task2_test_001057.wav,"3,7,11,13,14"
task2_test_001058.wav,"3,7,11,13,14"
task2_test_001059.wav,"3,7,11,13,14"
task2_test_001060.wav,"3,7,11,13,14"
task2_test_001061.wav,"3,7,11,13,14"
task2_test_001062.wav,"3,7,11,13,14"
task2_test_001063.wav,"3,7,11,13,14"
task2_test_001064.wav,"3,7,11,13,14"
task2_test_001065.wav,"3,7,11,13,14"
task2_test_001066.wav,"3,7,11,13,14"
task2_test_001067.wav,"3,7,11,13,14"
task2_test_001068.wav,"3,7,11,13,14"
task2_test_001069.wav,"3,7,11,13,14"
task2_test_001070.wav,"3,7,11,13,14"
task2_test_001071.wav,"3,7,11,13,14"
task2_test_001072.wav,"3,7,11,13,14"
task2_test_001073.wav,"3,7,11,13,14"
task2_test_001074.wav,"3,7,11,13,14"
task2_test_001075.wav,"3,7,11,13,14"
task2_test_001076.wav,"3,7,11,13,14"
task2_test_001077.wav,"3,7,11,13,14"
task2_test_001078.wav,"3,7,11,13,14"
task2_test_001079.wav,"3,7,11,13,14"
task2_test_001080.wav,"3,7,11,13,14"
task2_test_001081.wav,"3,7,11,13,14"
task2_test_001082.wav,"3,7,11,13,14"
task2_test_001083.wav,"3,7,11,13,14"
task2_test_001084.wav,"3,7,11,13,14"
task2_test_001085.wav,"3,7,11,13,14"
task2_test_001086.wav,"3,7,11,13,14"
task2_test_001087.wav,"3,7,11,13,14"
task2_test_001088.wav,"3,7,11,13,14"
task2_test_001089.wav,"3,7,11,13,14"
task2_test_001090.wav,"3,7,11,13,14"
task2_test_001091.wav,"3,7,11,13,14"
task2_test_001092.wav,"3,7,11,13,14"
task2_test_001093.wav,"3,7,11,13,14"
task2_test_001094.wav,"3,7,11,13,14"
task2_test_001095.wav,"3,7,11,13,14"
task2_test_001096.wav,"3,7,11,13,14"
task2_test_001097.wav,"3,7,11,13,14"
task2_test_001098.wav,"3,7,11,13,14"
task2_test_001099.wav,"3,7,11,13,14"
task2_test_001100.wav,"3,7,11,13,14"
task2_test_001101.wav,"3,7,11,13,14"
task2_test_001102.wav,"3,7,11,13,14"
task2_test_001103.wav,"3,7,11,13,14"
task2_test_001104.wav,"3,7,11,13,14"
task2_test_001105.wav,"3,7,11,13,14"
task2_test_001106.wav,"3,7,11,13,14"
task2_test_001107.wav,"3,7,11,13,14"
task2_test_001108.wav,"3,7,11,13,14"
task2_test_001109.wav,"3,7,11,13,14"
task2_test_001110.wav,"3,7,11,13,14"
task2_test_001111.wav,"3,7,11,13,14"
task2_test_001112.wav,"3,7,11,13,14"
task2_test_001113.wav,"3,7,11,13,14"
task2_test_001114.wav,"3,7,11,13,14"
task2_test_001115.wav,"3,7,11,13,14"
task2_test_001116.wav,"3,7,11,13,14"
task2_test_001117.wav,"3,7,11,13,14"
task2_test_001118.wav,"3,7,11,13,14"
task2_test_001119.wav,"3,7,11,13,14"
task2_test_001120.wav,"3,7,11,13,14"
task2_test_001121.wav,"3,7,11,13,14"
task2_test_001122.wav,"3,7,11,13,14"
task2_test_001123.wav,"3,7,11,13,14"
task2_test_001124.wav,"3,7,11,13,14"
task2_test_001125.wav,"3,7,11,13,14"
task2_test_001126.wav,"3,7,11,13,14"
task2_test_001127.wav,"3,7,11,13,14"
task2_test_001128.wav,"3,7,11,13,14"
task2_test_001129.wav,"3,7,11,13,14"
task2_test_001130.wav,"3,7,11,13,14"
task2_test_001131.wav,"3,7,11,13,14"
task2_test_001132.wav,"3,7,11,13,14"
task2_test_001133.wav,"3,7,11,13,14"
task2_test_001134.wav,"3,7,11,13,14"
task2_test_001135.wav,"3,7,11,13,14"
task2_test_001136.wav,"3,7,11,13,14"
task2_test_001137.wav,"3,7,11,13,14"
task2_test_001138.wav,"3,7,11,13,14"
task2_test_001139.wav,"3,7,11,13,14"
task2_test_001140.wav,"3,7,11,13,14"
task2_test_001141.wav,"3,7,11,13,14"
task2_test_001142.wav,"3,7,11,13,14"
task2_test_001143.wav,"3,7,11,13,14"
task2_test_001144.wav,"3,7,11,13,14"
task2_test_001145.wav,"3,7,11,13,14"
task2_test_001146.wav,"3,7,11,13,14"
task2_test_001147.wav,"3,7,11,13,14"
task2_test_001148.wav,"3,7,11,13,14"
task2_test_001149.wav,"3,7,11,13,14"
task2_test_001150.wav,"3,7,11,13,14"
task2_test_001151.wav,"3,7,11,13,14"
task2_test_001152.wav,"3,7,11,13,14"
task2_test_001153.wav,"3,7,11,13,14"
task2_test_001154.wav,"3,7,11,13,14"
task2_test_001155.wav,"3,7,11,13,14"
task2_test_001156.wav,"3,7,11,13,14"
task2_test_001157.wav,"3,7,11,13,14"
task2_test_001158.wav,"3,7,11,13,14"
task2_test_001159.wav,"3,7,11,13,14"
task2_test_001160.wav,"3,7,11,13,14"
task2_test_001161.wav,"3,7,11,13,14"
task2_test_001162.wav,"3,7,11,13,14"
task2_test_001163.wav,"3,7,11,13,14"
task2_test_001164.wav,"3,7,11,13,14"
task2_test_001165.wav,"3,7,11,13,14"
task2_test_001166.wav,"3,7,11,13,14"
task2_test_001167.wav,"3,7,11,13,14"
task2_test_001168.wav,"3,7,11,13,14"
task2_test_001169.wav,"3,7,11,13,14"
task2_test_001170.wav,"3,7,11,13,14"
task2_test_001171.wav,"3,7,11,13,14"
task2_test_001172.wav,"3,7,11,13,14"
task2_test_001173.wav,"3,7,11,13,14"
task2_test_001174.wav,"3,7,11,13,14"
task2_test_001175.wav,"3,7,11,13,14"
task2_test_001176.wav,"3,7,11,13,14"
task2_test_001177.wav,"3,7,11,13,14"
task2_test_001178.wav,"3,7,11,13,14"
task2_test_001179.wav,"3,7,11,13,14"
task2_test_001180.wav,"3,7,11,13,14"
task2_test_001181.wav,"3,7,11,13,14"
task2_test_001182.wav,"3,7,11,13,14"
task2_test_001183.wav,"3,7,11,13,14"
task2_test_001184.wav,"3,7,11,13,14"
task2_test_001185.wav,"3,7,11,13,14"
task2_test_001186.wav,"3,7,11,13,14"
task2_test_001187.wav,"3,7,11,13,14"
task2_test_001188.wav,"3,7,11,13,14"
task2_test_001189.wav,"3,7,11,13,14"
task2_test_001190.wav,"3,7,11,13,14"
task2_test_001191.wav,"3,7,11,13,14"
task2_test_001192.wav,"3,7,11,13,14"
task2_test_001193.wav,"3,7,11,13,14"
task2_test_001194.wav,"3,7,11,13,14"
task2_test_001195.wav,"3,7,11,13,14"
task2_test_001196.wav,"3,7,11,13,14"
task2_test_001197.wav,"3,7,11,13,14"
task2_test_001198.wav,"3,7,11,13,14"
task2_test_001199.wav,"3,7,11,13,14"
task2_test_001200.wav,"3,7,11,13,14"
task2_test_001201.wav,"3,7,11,13,14"
task2_test_001202.wav,"3,7,11,13,14"
task2_test_001203.wav,"3,7,11,13,14"
task2_test_001204.wav,"3,7,11,13,14"
task2_test_001205.wav,"3,7,11,13,14"
task2_test_001206.wav,"3,7,11,13,14"
task2_test_001207.wav,"3,7,11,13,14"
task2_test_001208.wav,"3,7,11,13,14"
task2_test_001209.wav,"3,7,11,13,14"
task2_test_001210.wav,"3,7,11,13,14"
task2_test_001211.wav,"3,7,11,13,14"
task2_test_001212.wav,"3,7,11,13,14"
task2_test_001213.wav,"3,7,11,13,14"
task2_test_001214.wav,"3,7,11,13,14"
task2_test_001215.wav,"3,7,11,13,14"
task2_test_001216.wav,"3,7,11,13,14"
task2_test_001217.wav,"3,7,11,13,14"
task2_test_001218.wav,"3,7,11,13,14"
task2_test_001219.wav,"3,7,11,13,14"
task2_test_001220.wav,"3,7,11,13,14"
task2_test_001221.wav,"3,7,11,13,14"
task2_test_001222.wav,"3,7,11,13,14"
task2_test_001223.wav,"3,7,11,13,14"
task2_test_001224.wav,"3,7,11,13,14"
task2_test_001225.wav,"3,7,11,13,14"
task2_test_001226.wav,"3,7,11,13,14"
task2_test_001227.wav,"3,7,11,13,14"
task2_test_001228.wav,"3,7,11,13,14"
task2_test_001229.wav,"3,7,11,13,14"
task2_test_001230.wav,"3,7,11,13,14"
task2_test_001231.wav,"3,7,11,13,14"
task2_test_001232.wav,"3,7,11,13,14"
task2_test_001233.wav,"3,7,11,13,14"
task2_test_001234.wav,"3,7,11,13,14"
task2_test_001235.wav,"3,7,11,13,14"
task2_test_001236.wav,"3,7,11,13,14"
task2_test_001237.wav,"3,7,11,13,14"
task2_test_001238.wav,"3,7,11,13,14"
task2_test_001239.wav,"3,7,11,13,14"
task2_test_001240.wav,"3,7,11,13,14"
task2_test_001241.wav,"3,7,11,13,14"
task2_test_001242.wav,"3,7,11,13,14"
task2_test_001243.wav,"3,7,11,13,14"
task2_test_001244.wav,"3,7,11,13,14"
task2_test_001245.wav,"3,7,11,13,14"
task2_test_001246.wav,"3,7,11,13,14"
task2_test_001247.wav,"3,7,11,13,14"
task2_test_001248.wav,"3,7,11,13,14"
task2_test_001249.wav,"3,7,11,13,14"
task2_test_001250.wav,"3,7,11,13,14"
task2_test_001251.wav,"3,7,11,13,14"
task2_test_001252.wav,"3,7,11,13,14"
task2_test_001253.wav,"3,7,11,13,14"
task2_test_001254.wav,"3,7,11,13,14"
task2_test_001255.wav,"3,7,11,13,14"
task2_test_001256.wav,"3,7,11,13,14"
task2_test_001257.wav,"3,7,11,13,14"
task2_test_001258.wav,"3,7,11,13,14"
task2_test_001259.wav,"3,7,11,13,14"
task2_test_001260.wav,"3,7,11,13,14"
task2_test_001261.wav,"3,7,11,13,14"
task2_test_001262.wav,"3,7,11,13,14"
task2_test_001263.wav,"3,7,11,13,14"
task2_test_001264.wav,"3,7,11,13,14"
task2_test_001265.wav,"3,7,11,13,14"
task2_test_001266.wav,"3,7,11,13,14"
task2_test_001267.wav,"3,7,11,13,14"
task2_test_001268.wav,"3,7,11,13,14"
task2_test_001269.wav,"3,7,11,13,14"
task2_test_001270.wav,"3,7,11,13,14"
task2_test_001271.wav,"3,7,11,13,14"
task2_test_001272.wav,"3,7,11,13,14"
task2_test_001273.wav,"3,7,11,13,14"
task2_test_001274.wav,"3,7,11,13,14"
task2_test_001275.wav,"3,7,11,13,14"
task2_test_001276.wav,"3,7,11,13,14"
task2_test_001277.wav,"3,7,11,13,14"
task2_test_001278.wav,"3,7,11,13,14"
task2_test_001279.wav,"3,7,11,13,14"
task2_test_001280.wav,"3,7,11,13,14"
task2_test_001281.wav,"3,7,11,13,14"
task2_test_001282.wav,"3,7,11,13,14"
task2_test_001283.wav,"3,7,11,13,14"
task2_test_001284.wav,"3,7,11,13,14"
task2_test_001285.wav,"3,7,11,13,14"
task2_test_001286.wav,"3,7,11,13,14"
task2_test_001287.wav,"3,7,11,13,14"
task2_test_001288.wav,"3,7,11,13,14"
task2_test_001289.wav,"3,7,11,13,14"
task2_test_001290.wav,"3,7,11,13,14"
task2_test_001291.wav,"3,7,11,13,14"
task2_test_001292.wav,"3,7,11,13,14"
task2_test_001293.wav,"3,7,11,13,14"
task2_test_001294.wav,"3,7,11,13,14"
task2_test_001295.wav,"3,7,11,13,14"
task2_test_001296.wav,"3,7,11,13,14"
task2_test_001297.wav,"3,7,11,13,14"
task2_test_001298.wav,"3,7,11,13,14"
task2_test_001299.wav,"3,7,11,13,14"
task2_test_001300.wav,"3,7,11,13,14"
task2_test_001301.wav,"3,7,11,13,14"
task2_test_001302.wav,"3,7,11,13,14"
task2_test_001303.wav,"3,7,11,13,14"
task2_test_001304.wav,"3,7,11,13,14"
task2_test_001305.wav,"3,7,11,13,14"
task2_test_001306.wav,"3,7,11,13,14"
task2_test_001307.wav,"3,7,11,13,14"
task2_test_001308.wav,"3,7,11,13,14"
task2_test_001309.wav,"3,7,11,13,14"
task2_test_001310.wav,"3,7,11,13,14"
task2_test_001311.wav,"3,7,11,13,14"
task2_test_001312.wav,"3,7,11,13,14"
task2_test_001313.wav,"3,7,11,13,14"
task2_test_001314.wav,"3,7,11,13,14"
task2_test_001315.wav,"3,7,11,13,14"
task2_test_001316.wav,"3,7,11,13,14"
task2_test_001317.wav,"3,7,11,13,14"
task2_test_001318.wav,"3,7,11,13,14"
task2_test_001319.wav,"3,7,11,13,14"
task2_test_001320.wav,"3,7,11,13,14"
task2_test_001321.wav,"3,7,11,13,14"
task2_test_001322.wav,"3,7,11,13,14"
task2_test_001323.wav,"3,7,11,13,14"
task2_test_001324.wav,"3,7,11,13,14"
task2_test_001325.wav,"3,7,11,13,14"
task2_test_001326.wav,"3,7,11,13,14"
task2_test_001327.wav,"3,7,11,13,14"
task2_test_001328.wav,"3,7,11,13,14"
task2_test_001329.wav,"3,7,11,13,14"
task2_test_001330.wav,"3,7,11,13,14"
task2_test_001331.wav,"3,7,11,13,14"
task2_test_001332.wav,"3,7,11,13,14"
task2_test_001333.wav,"3,7,11,13,14"
task2_test_001334.wav,"3,7,11,13,14"
task2_test_001335.wav,"3,7,11,13,14"
task2_test_001336.wav,"3,7,11,13,14"
task2_test_001337.wav,"3,7,11,13,14"
task2_test_001338.wav,"3,7,11,13,14"
task2_test_001339.wav,"3,7,11,13,14"
task2_test_001340.wav,"3,7,11,13,14"
task2_test_001341.wav,"3,7,11,13,14"
task2_test_001342.wav,"3,7,11,13,14"
task2_test_001343.wav,"3,7,11,13,14"
task2_test_001344.wav,"3,7,11,13,14"
task2_test_001345.wav,"3,7,11,13,14"
task2_test_001346.wav,"3,7,11,13,14"
task2_test_001347.wav,"3,7,11,13,14"
task2_test_001348.wav,"3,7,11,13,14"
task2_test_001349.wav,"3,7,11,13,14"
task2_test_001350.wav,"3,7,11,13,14"
task2_test_001351.wav,"3,7,11,13,14"
task2_test_001352.wav,"3,7,11,13,14"
task2_test_001353.wav,"3,7,11,13,14"
task2_test_001354.wav,"3,7,11,13,14"
task2_test_001355.wav,"3,7,11,13,14"
task2_test_001356.wav,"3,7,11,13,14"
task2_test_001357.wav,"3,7,11,13,14"
task2_test_001358.wav,"3,7,11,13,14"
task2_test_001359.wav,"3,7,11,13,14"
task2_test_001360.wav,"3,7,11,13,14"
task2_test_001361.wav,"3,7,11,13,14"
task2_test_001362.wav,"3,7,11,13,14"
task2_test_001363.wav,"3,7,11,13,14"
task2_test_001364.wav,"3,7,11,13,14"
task2_test_001365.wav,"3,7,11,13,14"
task2_test_001366.wav,"3,7,11,13,14"
task2_test_001367.wav,"3,7,11,13,14"
task2_test_001368.wav,"3,7,11,13,14"
task2_test_001369.wav,"3,7,11,13,14"
task2_test_001370.wav,"3,7,11,13,14"
task2_test_001371.wav,"3,7,11,13,14"
task2_test_001372.wav,"3,7,11,13,14"
task2_test_001373.wav,"3,7,11,13,14"
task2_test_001374.wav,"3,7,11,13,14"
task2_test_001375.wav,"3,7,11,13,14"
task2_test_001376.wav,"3,7,11,13,14"
task2_test_001377.wav,"3,7,11,13,14"
task2_test_001378.wav,"3,7,11,13,14"
task2_test_001379.wav,"3,7,11,13,14"
task2_test_001380.wav,"3,7,11,13,14"
task2_test_001381.wav,"3,7,11,13,14"
task2_test_001382.wav,"3,7,11,13,14"
task2_test_001383.wav,"3,7,11,13,14"
task2_test_001384.wav,"3,7,11,13,14"
task2_test_001385.wav,"3,7,11,13,14"
task2_test_001386.wav,"3,7,11,13,14"
task2_test_001387.wav,"3,7,11,13,14"
task2_test_001388.wav,"3,7,11,13,14"
task2_test_001389.wav,"3,7,11,13,14"
task2_test_001390.wav,"3,7,11,13,14"
task2_test_001391.wav,"3,7,11,13,14"
task2_test_001392.wav,"3,7,11,13,14"
task2_test_001393.wav,"3,7,11,13,14"
task2_test_001394.wav,"3,7,11,13,14"
task2_test_001395.wav,"3,7,11,13,14"
task2_test_001396.wav,"3,7,11,13,14"
task2_test_001397.wav,"3,7,11,13,14"
task2_test_001398.wav,"3,7,11,13,14"
task2_test_001399.wav,"3,7,11,13,14"
task2_test_001400.wav,"3,7,11,13,14"
task2_test_001401.wav,"3,7,11,13,14"
task2_test_001402.wav,"3,7,11,13,14"
task2_test_001403.wav,"3,7,11,13,14"
task2_test_001404.wav,"3,7,11,13,14"
task2_test_001405.wav,"3,7,11,13,14"
task2_test_001406.wav,"3,7,11,13,14"
task2_test_001407.wav,"3,7,11,13,14"
task2_test_001408.wav,"3,7,11,13,14"
task2_test_001409.wav,"3,7,11,13,14"
task2_test_001410.wav,"3,7,11,13,14"
task2_test_001411.wav,"3,7,11,13,14"
task2_test_001412.wav,"3,7,11,13,14"
task2_test_001413.wav,"3,7,11,13,14"
task2_test_001414.wav,"3,7,11,13,14"
task2_test_001415.wav,"3,7,11,13,14"
task2_test_001416.wav,"3,7,11,13,14"
task2_test_001417.wav,"3,7,11,13,14"
task2_test_001418.wav,"3,7,11,13,14"
task2_test_001419.wav,"3,7,11,13,14"
task2_test_001420.wav,"3,7,11,13,14"
task2_test_001421.wav,"3,7,11,13,14"
task2_test_001422.wav,"3,7,11,13,14"
task2_test_001423.wav,"3,7,11,13,14"
task2_test_001424.wav,"3,7,11,13,14"
task2_test_001425.wav,"3,7,11,13,14"
task2_test_001426.wav,"3,7,11,13,14"
task2_test_001427.wav,"3,7,11,13,14"
task2_test_001428.wav,"3,7,11,13,14"
task2_test_001429.wav,"3,7,11,13,14"
task2_test_001430.wav,"3,7,11,13,14"
task2_test_001431.wav,"3,7,11,13,14"
task2_test_001432.wav,"3,7,11,13,14"
task2_test_001433.wav,"3,7,11,13,14"
task2_test_001434.wav,"3,7,11,13,14"
task2_test_001435.wav,"3,7,11,13,14"
task2_test_001436.wav,"3,7,11,13,14"
task2_test_001437.wav,"3,7,11,13,14"
task2_test_001438.wav,"3,7,11,13,14"
task2_test_001439.wav,"3,7,11,13,14"
task2_test_001440.wav,"3,7,11,13,14"
task2_test_001441.wav,"3,7,11,13,14"
task2_test_001442.wav,"3,7,11,13,14"
task2_test_001443.wav,"3,7,11,13,14"
task2_test_001444.wav,"3,7,11,13,14"
task2_test_001445.wav,"3,7,11,13,14"
task2_test_001446.wav,"3,7,11,13,14"
task2_test_001447.wav,"3,7,11,13,14"
task2_test_001448.wav,"3,7,11,13,14"
task2_test_001449.wav,"3,7,11,13,14"
task2_test_001450.wav,"3,7,11,13,14"
task2_test_001451.wav,"3,7,11,13,14"
task2_test_001452.wav,"3,7,11,13,14"
task2_test_001453.wav,"3,7,11,13,14"
task2_test_001454.wav,"3,7,11,13,14"
task2_test_001455.wav,"3,7,11,13,14"
task2_test_001456.wav,"3,7,11,13,14"
task2_test_001457.wav,"3,7,11,13,14"
task2_test_001458.wav,"3,7,11,13,14"
task2_test_001459.wav,"3,7,11,13,14"
task2_test_001460.wav,"3,7,11,13,14"
task2_test_001461.wav,"3,7,11,13,14"
task2_test_001462.wav,"3,7,11,13,14"
task2_test_001463.wav,"3,7,11,13,14"
task2_test_001464.wav,"3,7,11,13,14"
task2_test_001465.wav,"3,7,11,13,14"
task2_test_001466.wav,"3,7,11,13,14"
task2_test_001467.wav,"3,7,11,13,14"
task2_test_001468.wav,"3,7,11,13,14"
task2_test_001469.wav,"3,7,11,13,14"
task2_test_001470.wav,"3,7,11,13,14"
task2_test_001471.wav,"3,7,11,13,14"
task2_test_001472.wav,"3,7,11,13,14"
task2_test_001473.wav,"3,7,11,13,14"
task2_test_001474.wav,"3,7,11,13,14"
task2_test_001475.wav,"3,7,11,13,14"
task2_test_001476.wav,"3,7,11,13,14"
task2_test_001477.wav,"3,7,11,13,14"
task2_test_001478.wav,"3,7,11,13,14"
task2_test_001479.wav,"3,7,11,13,14"
task2_test_001480.wav,"3,7,11,13,14"
task2_test_001481.wav,"3,7,11,13,14"
task2_test_001482.wav,"3,7,11,13,14"
task2_test_001483.wav,"3,7,11,13,14"
task2_test_001484.wav,"3,7,11,13,14"
task2_test_001485.wav,"3,7,11,13,14"
task2_test_001486.wav,"3,7,11,13,14"
task2_test_001487.wav,"3,7,11,13,14"
task2_test_001488.wav,"3,7,11,13,14"
task2_test_001489.wav,"3,7,11,13,14"
task2_test_001490.wav,"3,7,11,13,14"
task2_test_001491.wav,"3,7,11,13,14"
task2_test_001492.wav,"3,7,11,13,14"
task2_test_001493.wav,"3,7,11,13,14"
task2_test_001494.wav,"3,7,11,13,14"
task2_test_001495.wav,"3,7,11,13,14"
task2_test_001496.wav,"3,7,11,13,14"
task2_test_001497.wav,"3,7,11,13,14"
task2_test_001498.wav,"3,7,11,13,14"
task2_test_001499.wav,"3,7,11,13,14"
task2_test_001500.wav,"3,7,11,13,14"
task2_test_001501.wav,"3,7,11,13,14"
task2_test_001502.wav,"3,7,11,13,14"
task2_test_001503.wav,"3,7,11,13,14"
task2_test_001504.wav,"3,7,11,13,14"
task2_test_001505.wav,"3,7,11,13,14"
task2_test_001506.wav,"3,7,11,13,14"
task2_test_001507.wav,"3,7,11,13,14"
task2_test_001508.wav,"3,7,11,13,14"
task2_test_001509.wav,"3,7,11,13,14"
task2_test_001510.wav,"3,7,11,13,14"
task2_test_001511.wav,"3,7,11,13,14"
task2_test_001512.wav,"3,7,11,13,14"
task2_test_001513.wav,"3,7,11,13,14"
task2_test_001514.wav,"3,7,11,13,14"
task2_test_001515.wav,"3,7,11,13,14"
task2_test_001516.wav,"3,7,11,13,14"
task2_test_001517.wav,"3,7,11,13,14"
task2_test_001518.wav,"3,7,11,13,14"
task2_test_001519.wav,"3,7,11,13,14"
task2_test_001520.wav,"3,7,11,13,14"
task2_test_001521.wav,"3,7,11,13,14"
task2_test_001522.wav,"3,7,11,13,14"
task2_test_001523.wav,"3,7,11,13,14"
task2_test_001524.wav,"3,7,11,13,14"
task2_test_001525.wav,"3,7,11,13,14"
task2_test_001526.wav,"3,7,11,13,14"
task2_test_001527.wav,"3,7,11,13,14"
task2_test_001528.wav,"3,7,11,13,14"
task2_test_001529.wav,"3,7,11,13,14"
task2_test_001530.wav,"3,7,11,13,14"
task2_test_001531.wav,"3,7,11,13,14"
task2_test_001532.wav,"3,7,11,13,14"
task2_test_001533.wav,"3,7,11,13,14"
task2_test_001534.wav,"3,7,11,13,14"
task2_test_001535.wav,"3,7,11,13,14"
task2_test_001536.wav,"3,7,11,13,14"
task2_test_001537.wav,"3,7,11,13,14"
task2_test_001538.wav,"3,7,11,13,14"
task2_test_001539.wav,"3,7,11,13,14"
task2_test_001540.wav,"3,7,11,13,14"
task2_test_001541.wav,"3,7,11,13,14"
task2_test_001542.wav,"3,7,11,13,14"
task2_test_001543.wav,"3,7,11,13,14"
task2_test_001544.wav,"3,7,11,13,14"
task2_test_001545.wav,"3,7,11,13,14"
task2_test_001546.wav,"3,7,11,13,14"
task2_test_001547.wav,"3,7,11,13,14"
task2_test_001548.wav,"3,7,11,13,14"
task2_test_001549.wav,"3,7,11,13,14"
task2_test_001550.wav,"3,7,11,13,14"
task2_test_001551.wav,"3,7,11,13,14"
task2_test_001552.wav,"3,7,11,13,14"
task2_test_001553.wav,"3,7,11,13,14"
task2_test_001554.wav,"3,7,11,13,14"
task2_test_001555.wav,"3,7,11,13,14"
